train_start,train_end,validation_start,validation_end,test_date,prediction,actual,mae
2025-05-06 16:15:00,2025-05-19 06:15:00,2025-05-19 06:30:00,2025-05-21 19:15:00,2025-05-21 19:30:00,0.002229274483397603,0.0022820106241852045,5.273614078760147e-05
2025-05-06 16:30:00,2025-05-19 06:30:00,2025-05-19 06:45:00,2025-05-21 19:30:00,2025-05-21 19:45:00,0.0023837380576878786,0.0014059578534215689,0.0009777802042663097
2025-05-06 16:45:00,2025-05-19 06:45:00,2025-05-19 07:00:00,2025-05-21 19:45:00,2025-05-21 20:00:00,0.0020564780570566654,0.0012686062837019563,0.0007878717733547091
2025-05-06 17:00:00,2025-05-19 07:00:00,2025-05-19 07:15:00,2025-05-21 20:00:00,2025-05-22 04:00:00,0.0017406835686415434,0.001321384683251381,0.00041929888539016247
2025-05-06 17:15:00,2025-05-19 07:15:00,2025-05-19 07:30:00,2025-05-22 04:00:00,2025-05-22 04:15:00,0.001496581477113068,0.0013063957449048758,0.00019018573220819235
2025-05-06 17:30:00,2025-05-19 07:30:00,2025-05-19 07:45:00,2025-05-22 04:15:00,2025-05-22 04:30:00,0.0015747726429253817,0.0013073203153908253,0.0002674523275345564
2025-05-06 17:45:00,2025-05-19 07:45:00,2025-05-19 08:00:00,2025-05-22 04:30:00,2025-05-22 04:45:00,0.0012222268851473927,0.001293425913900137,7.11990287527442e-05
2025-05-06 18:00:00,2025-05-19 08:00:00,2025-05-19 08:15:00,2025-05-22 04:45:00,2025-05-22 05:00:00,0.0014175729593262076,0.0011439736699685454,0.0002735992893576622
2025-05-06 18:15:00,2025-05-19 08:15:00,2025-05-19 08:30:00,2025-05-22 05:00:00,2025-05-22 05:15:00,0.0013619454111903906,0.0011350971180945635,0.0002268482930958271
2025-05-06 18:30:00,2025-05-19 08:30:00,2025-05-19 08:45:00,2025-05-22 05:15:00,2025-05-22 05:30:00,0.0013319144491106272,0.0010524302488192916,0.0002794842002913356
2025-05-06 18:45:00,2025-05-19 08:45:00,2025-05-19 09:00:00,2025-05-22 05:30:00,2025-05-22 05:45:00,0.0010677286190912127,0.0007548289140686393,0.00031289970502257347
2025-05-06 19:00:00,2025-05-19 09:00:00,2025-05-19 09:15:00,2025-05-22 05:45:00,2025-05-22 06:00:00,0.0012082195607945323,0.0005658803274855018,0.0006423392333090305
2025-05-06 19:15:00,2025-05-19 09:15:00,2025-05-19 09:30:00,2025-05-22 06:00:00,2025-05-22 06:15:00,0.0010994509793817997,0.0005190055817365646,0.0005804453976452351
2025-05-06 19:30:00,2025-05-19 09:30:00,2025-05-19 09:45:00,2025-05-22 06:15:00,2025-05-22 06:30:00,0.0009473543032072484,0.0005183589528314769,0.0004289953503757715
2025-05-06 19:45:00,2025-05-19 09:45:00,2025-05-19 10:00:00,2025-05-22 06:30:00,2025-05-22 06:45:00,0.0006456745904870331,0.000532096135430038,0.00011357845505699515
2025-05-06 20:00:00,2025-05-19 10:00:00,2025-05-19 10:15:00,2025-05-22 06:45:00,2025-05-22 07:00:00,0.0007043084478937089,0.0005325337406247854,0.00017177470726892352
2025-05-07 04:00:00,2025-05-19 10:15:00,2025-05-19 10:30:00,2025-05-22 07:00:00,2025-05-22 07:15:00,0.0005191391101107001,0.0005520542035810649,3.291509347036481e-05
2025-05-07 04:15:00,2025-05-19 10:30:00,2025-05-19 10:45:00,2025-05-22 07:15:00,2025-05-22 07:30:00,0.0005024455604143441,0.0005369472783058882,3.4501717891544104e-05
2025-05-07 04:30:00,2025-05-19 10:45:00,2025-05-19 11:00:00,2025-05-22 07:30:00,2025-05-22 07:45:00,0.0005208917427808046,0.000857414910569787,0.0003365231677889824
2025-05-07 04:45:00,2025-05-19 11:00:00,2025-05-19 11:15:00,2025-05-22 07:45:00,2025-05-22 08:00:00,0.0004886247916147113,0.0008601756417192519,0.0003715508501045406
2025-05-07 05:00:00,2025-05-19 11:15:00,2025-05-19 11:30:00,2025-05-22 08:00:00,2025-05-22 08:15:00,0.0006150955450721085,0.0008730465197004378,0.0002579509746283293
2025-05-07 05:15:00,2025-05-19 11:30:00,2025-05-19 11:45:00,2025-05-22 08:15:00,2025-05-22 08:30:00,0.0008097573881968856,0.0010244923178106546,0.00021473492961376905
2025-05-07 05:30:00,2025-05-19 11:45:00,2025-05-19 12:00:00,2025-05-22 08:30:00,2025-05-22 08:45:00,0.0009229518473148346,0.0011433003237470984,0.00022034847643226385
2025-05-07 05:45:00,2025-05-19 12:00:00,2025-05-19 12:15:00,2025-05-22 08:45:00,2025-05-22 09:00:00,0.001083606039173901,0.0011449807789176702,6.137473974376917e-05
2025-05-07 06:00:00,2025-05-19 12:15:00,2025-05-19 12:30:00,2025-05-22 09:00:00,2025-05-22 09:15:00,0.0011866982094943523,0.001163829118013382,2.2869091480970383e-05
2025-05-07 06:15:00,2025-05-19 12:30:00,2025-05-19 12:45:00,2025-05-22 09:15:00,2025-05-22 09:30:00,0.001090905861929059,0.0011629124637693167,7.200660184025764e-05
2025-05-07 06:30:00,2025-05-19 12:45:00,2025-05-19 13:00:00,2025-05-22 09:30:00,2025-05-22 09:45:00,0.0011204612674191594,0.001297656330280006,0.00017719506286084652
2025-05-07 06:45:00,2025-05-19 13:00:00,2025-05-19 13:15:00,2025-05-22 09:45:00,2025-05-22 10:00:00,0.0011743197683244944,0.0013035830343142152,0.00012926326598972082
2025-05-07 07:00:00,2025-05-19 13:15:00,2025-05-19 13:30:00,2025-05-22 10:00:00,2025-05-22 10:15:00,0.001368818455375731,0.0013459387701004744,2.2879685275256634e-05
2025-05-07 07:15:00,2025-05-19 13:30:00,2025-05-19 13:45:00,2025-05-22 10:15:00,2025-05-22 10:30:00,0.0012141837505623698,0.0013132889289408922,9.91051783785224e-05
2025-05-07 07:30:00,2025-05-19 13:45:00,2025-05-19 14:00:00,2025-05-22 10:30:00,2025-05-22 10:45:00,0.0013962029479444027,0.001321577001363039,7.462594658136368e-05
2025-05-07 07:45:00,2025-05-19 14:00:00,2025-05-19 14:15:00,2025-05-22 10:45:00,2025-05-22 11:00:00,0.0014436636120080948,0.0013206956209614873,0.0001229679910466075
2025-05-07 08:00:00,2025-05-19 14:15:00,2025-05-19 14:30:00,2025-05-22 11:00:00,2025-05-22 11:15:00,0.0014461608370766044,0.0013215445214882493,0.00012461631558835506
2025-05-07 08:15:00,2025-05-19 14:30:00,2025-05-19 14:45:00,2025-05-22 11:15:00,2025-05-22 11:30:00,0.0012450439389795065,0.0014064616989344358,0.00016141775995492935
2025-05-07 08:30:00,2025-05-19 14:45:00,2025-05-19 15:00:00,2025-05-22 11:30:00,2025-05-22 11:45:00,0.0012792496709153056,0.0014056878862902522,0.0001264382153749466
2025-05-07 08:45:00,2025-05-19 15:00:00,2025-05-19 15:15:00,2025-05-22 11:45:00,2025-05-22 12:00:00,0.0013090382562950253,0.0014217749703675508,0.0001127367140725255
2025-05-07 09:00:00,2025-05-19 15:15:00,2025-05-19 15:30:00,2025-05-22 12:00:00,2025-05-22 12:15:00,0.0015463330782949924,0.0014413830358535051,0.00010495004244148731
2025-05-07 09:15:00,2025-05-19 15:30:00,2025-05-19 15:45:00,2025-05-22 12:15:00,2025-05-22 12:30:00,0.001337644993327558,0.0014456093776971102,0.00010796438436955214
2025-05-07 09:30:00,2025-05-19 15:45:00,2025-05-19 16:00:00,2025-05-22 12:30:00,2025-05-22 12:45:00,0.0013561734231188893,0.001474830904044211,0.00011865748092532158
2025-05-07 09:45:00,2025-05-19 16:00:00,2025-05-19 16:15:00,2025-05-22 12:45:00,2025-05-22 13:00:00,0.0013328463537618518,0.001476313453167677,0.00014346709940582514
2025-05-07 10:00:00,2025-05-19 16:15:00,2025-05-19 16:30:00,2025-05-22 13:00:00,2025-05-22 13:15:00,0.0013505478855222464,0.0016012168489396572,0.00025066896341741085
2025-05-07 10:15:00,2025-05-19 16:30:00,2025-05-19 16:45:00,2025-05-22 13:15:00,2025-05-22 13:30:00,0.0013939725467935205,0.00161241355817765,0.00021844101138412952
2025-05-07 10:30:00,2025-05-19 16:45:00,2025-05-19 17:00:00,2025-05-22 13:30:00,2025-05-22 13:45:00,0.0014546412276104093,0.0016033665742725134,0.00014872534666210413
2025-05-07 10:45:00,2025-05-19 17:00:00,2025-05-19 17:15:00,2025-05-22 13:45:00,2025-05-22 14:00:00,0.0015081799356266856,0.0016021216288208961,9.394169319421053e-05
2025-05-07 11:00:00,2025-05-19 17:15:00,2025-05-19 17:30:00,2025-05-22 14:00:00,2025-05-22 14:15:00,0.0015148896491155028,0.0014262907207012177,8.859892841428518e-05
2025-05-07 11:15:00,2025-05-19 17:30:00,2025-05-19 17:45:00,2025-05-22 14:15:00,2025-05-22 14:30:00,0.0015128381783142686,0.0014295693254098296,8.326885290443897e-05
2025-05-07 11:30:00,2025-05-19 17:45:00,2025-05-19 18:00:00,2025-05-22 14:30:00,2025-05-22 14:45:00,0.0014834781177341938,0.0014108523027971387,7.262581493705511e-05
2025-05-07 11:45:00,2025-05-19 18:00:00,2025-05-19 18:15:00,2025-05-22 14:45:00,2025-05-22 15:00:00,0.001421633642166853,0.0013326318003237247,8.90018418431282e-05
2025-05-07 12:00:00,2025-05-19 18:15:00,2025-05-19 18:30:00,2025-05-22 15:00:00,2025-05-22 15:15:00,0.001375327119603753,0.0012560257455334067,0.00011930137407034636
2025-05-07 12:15:00,2025-05-19 18:30:00,2025-05-19 18:45:00,2025-05-22 15:15:00,2025-05-22 15:30:00,0.001318457187153399,0.0013611179310828447,4.2660743929445744e-05
2025-05-07 12:30:00,2025-05-19 18:45:00,2025-05-19 19:00:00,2025-05-22 15:30:00,2025-05-22 15:45:00,0.0012259164359420538,0.0015169213293120265,0.0002910048933699727
2025-05-07 12:45:00,2025-05-19 19:00:00,2025-05-19 19:15:00,2025-05-22 15:45:00,2025-05-22 16:00:00,0.0011813894379884005,0.0015158414607867599,0.0003344520227983594
2025-05-07 13:00:00,2025-05-19 19:15:00,2025-05-19 19:30:00,2025-05-22 16:00:00,2025-05-22 16:15:00,0.0012512757675722241,0.0014001531526446342,0.0001488773850724101
2025-05-07 13:15:00,2025-05-19 19:30:00,2025-05-19 19:45:00,2025-05-22 16:15:00,2025-05-22 16:30:00,0.0013081743381917477,0.0014072834746912122,9.910913649946451e-05
2025-05-07 13:30:00,2025-05-19 19:45:00,2025-05-19 20:00:00,2025-05-22 16:30:00,2025-05-22 16:45:00,0.001332026906311512,0.0013777395943179727,4.571268800646067e-05
2025-05-07 13:45:00,2025-05-19 20:00:00,2025-05-20 04:00:00,2025-05-22 16:45:00,2025-05-22 17:00:00,0.0013635250506922603,0.0013626054860651493,9.195646271109581e-07
2025-05-07 14:00:00,2025-05-20 04:00:00,2025-05-20 04:15:00,2025-05-22 17:00:00,2025-05-22 17:15:00,0.0015476804692298174,0.001350284437648952,0.00019739603158086538
2025-05-07 14:15:00,2025-05-20 04:15:00,2025-05-20 04:30:00,2025-05-22 17:15:00,2025-05-22 17:30:00,0.0015295941848307848,0.001350284437648952,0.0001793097471818328
2025-05-07 14:30:00,2025-05-20 04:30:00,2025-05-20 04:45:00,2025-05-22 17:30:00,2025-05-22 17:45:00,0.0014879495138302445,0.0013428693637251854,0.00014508015010505915
2025-05-07 14:45:00,2025-05-20 04:45:00,2025-05-20 05:00:00,2025-05-22 17:45:00,2025-05-22 18:00:00,0.0014878885122016072,0.0012678839266300201,0.00022000458557158709
2025-05-07 15:00:00,2025-05-20 05:00:00,2025-05-20 05:15:00,2025-05-22 18:00:00,2025-05-22 18:15:00,0.0014223841717466712,0.0012645061360672116,0.00015787803567945957
2025-05-07 15:15:00,2025-05-20 05:15:00,2025-05-20 05:30:00,2025-05-22 18:15:00,2025-05-22 18:30:00,0.0012277736095711589,0.001236023847013712,8.250237442553043e-06
2025-05-07 15:30:00,2025-05-20 05:30:00,2025-05-20 05:45:00,2025-05-22 18:30:00,2025-05-22 18:45:00,0.0012193253496661782,0.001245699473656714,2.6374123990535736e-05
2025-05-07 15:45:00,2025-05-20 05:45:00,2025-05-20 06:00:00,2025-05-22 18:45:00,2025-05-22 19:00:00,0.0011628576321527362,0.0012510463129729033,8.818868082016706e-05
2025-05-07 16:00:00,2025-05-20 06:00:00,2025-05-20 06:15:00,2025-05-22 19:00:00,2025-05-22 19:15:00,0.0011591616785153747,0.0012170514091849327,5.788973066955805e-05
2025-05-07 16:15:00,2025-05-20 06:15:00,2025-05-20 06:30:00,2025-05-22 19:15:00,2025-05-22 19:30:00,0.001159260980784893,0.0012150375405326486,5.577655974775553e-05
2025-05-07 16:30:00,2025-05-20 06:30:00,2025-05-20 06:45:00,2025-05-22 19:30:00,2025-05-22 19:45:00,0.0011764123337343335,0.0010394498240202665,0.00013696250971406698
2025-05-07 16:45:00,2025-05-20 06:45:00,2025-05-20 07:00:00,2025-05-22 19:45:00,2025-05-22 20:00:00,0.0011672849068418145,0.0010122510138899088,0.00015503389295190573
2025-05-07 17:00:00,2025-05-20 07:00:00,2025-05-20 07:15:00,2025-05-22 20:00:00,2025-05-23 04:00:00,0.0011114905355498195,0.0011076171649619937,3.873370587825775e-06
2025-05-07 17:15:00,2025-05-20 07:15:00,2025-05-20 07:30:00,2025-05-23 04:00:00,2025-05-23 04:15:00,0.0010709413327276707,0.0011060270480811596,3.508571535348892e-05
2025-05-07 17:30:00,2025-05-20 07:30:00,2025-05-20 07:45:00,2025-05-23 04:15:00,2025-05-23 04:30:00,0.0010453612776473165,0.0011161289876326919,7.07677099853754e-05
2025-05-07 17:45:00,2025-05-20 07:45:00,2025-05-20 08:00:00,2025-05-23 04:30:00,2025-05-23 04:45:00,0.0010428008390590549,0.0011129028862342238,7.010204717516899e-05
2025-05-07 18:00:00,2025-05-20 08:00:00,2025-05-20 08:15:00,2025-05-23 04:45:00,2025-05-23 05:00:00,0.0010333240497857332,0.0010891829151660204,5.585886538028717e-05
2025-05-07 18:15:00,2025-05-20 08:15:00,2025-05-20 08:30:00,2025-05-23 05:00:00,2025-05-23 05:15:00,0.0010261102579534054,0.0011529243784025311,0.00012681412044912577
2025-05-07 18:30:00,2025-05-20 08:30:00,2025-05-20 08:45:00,2025-05-23 05:15:00,2025-05-23 05:30:00,0.0009991355473175645,0.0011901927646249533,0.00019105721730738878
2025-05-07 18:45:00,2025-05-20 08:45:00,2025-05-20 09:00:00,2025-05-23 05:30:00,2025-05-23 05:45:00,0.0012284239055588841,0.0011250623501837254,0.00010336155537515879
2025-05-07 19:00:00,2025-05-20 09:00:00,2025-05-20 09:15:00,2025-05-23 05:45:00,2025-05-23 06:00:00,0.001093963859602809,0.0009063860634341836,0.00018757779616862535
2025-05-07 19:15:00,2025-05-20 09:15:00,2025-05-20 09:30:00,2025-05-23 06:00:00,2025-05-23 06:15:00,0.0010880316840484738,0.0009072465472854674,0.00018078513676300645
2025-05-07 19:30:00,2025-05-20 09:30:00,2025-05-20 09:45:00,2025-05-23 06:15:00,2025-05-23 06:30:00,0.0010203456040471792,0.0009055943228304386,0.00011475128121674061
2025-05-07 19:45:00,2025-05-20 09:45:00,2025-05-20 10:00:00,2025-05-23 06:30:00,2025-05-23 06:45:00,0.0009712576284073293,0.0008968349429778755,7.442268542945385e-05
2025-05-07 20:00:00,2025-05-20 10:00:00,2025-05-20 10:15:00,2025-05-23 06:45:00,2025-05-23 07:00:00,0.0009088582010008395,0.0008743361686356366,3.4522032365202904e-05
2025-05-08 04:00:00,2025-05-20 10:15:00,2025-05-20 10:30:00,2025-05-23 07:00:00,2025-05-23 07:15:00,0.0008990925271064043,0.0010438209865242243,0.00014472845941781998
2025-05-08 04:15:00,2025-05-20 10:30:00,2025-05-20 10:45:00,2025-05-23 07:15:00,2025-05-23 07:30:00,0.0008026393479667604,0.001664194860495627,0.0008615555125288665
2025-05-08 04:30:00,2025-05-20 10:45:00,2025-05-20 11:00:00,2025-05-23 07:30:00,2025-05-23 07:45:00,0.0007771080709062517,0.0018034931272268295,0.001026384998112917
2025-05-08 04:45:00,2025-05-20 11:00:00,2025-05-20 11:15:00,2025-05-23 07:45:00,2025-05-23 08:00:00,0.0009816385572776198,0.0018038596026599407,0.0008222210453823209
2025-05-08 05:00:00,2025-05-20 11:15:00,2025-05-20 11:30:00,2025-05-23 08:00:00,2025-05-23 08:15:00,0.0012273802421987057,0.001893995562568307,0.0006666153203696012
2025-05-08 05:15:00,2025-05-20 11:30:00,2025-05-20 11:45:00,2025-05-23 08:15:00,2025-05-23 08:30:00,0.0014882483519613743,0.0018958407454192638,0.00040759239345788956
2025-05-08 05:30:00,2025-05-20 11:45:00,2025-05-20 12:00:00,2025-05-23 08:30:00,2025-05-23 08:45:00,0.0016853789566084743,0.0018959344597533345,0.00021055550314486027
2025-05-08 05:45:00,2025-05-20 12:00:00,2025-05-20 12:15:00,2025-05-23 08:45:00,2025-05-23 09:00:00,0.001966408919543028,0.0018903096206486225,7.609929889440536e-05
2025-05-08 06:00:00,2025-05-20 12:15:00,2025-05-20 12:30:00,2025-05-23 09:00:00,2025-05-23 09:15:00,0.0018290613079443574,0.001977919600903988,0.0001488582929596305
2025-05-08 06:15:00,2025-05-20 12:30:00,2025-05-20 12:45:00,2025-05-23 09:15:00,2025-05-23 09:30:00,0.002067508641630411,0.002034584293141961,3.292434848845005e-05
2025-05-08 06:30:00,2025-05-20 12:45:00,2025-05-20 13:00:00,2025-05-23 09:30:00,2025-05-23 09:45:00,0.0019319722196087241,0.002035444602370262,0.00010347238276153803
2025-05-08 06:45:00,2025-05-20 13:00:00,2025-05-20 13:15:00,2025-05-23 09:45:00,2025-05-23 10:00:00,0.0019211951876059175,0.002113619353622198,0.00019242416601628065
2025-05-08 07:00:00,2025-05-20 13:15:00,2025-05-20 13:30:00,2025-05-23 10:00:00,2025-05-23 10:15:00,0.001970520243048668,0.002116817282512784,0.0001462970394641161
2025-05-08 07:15:00,2025-05-20 13:30:00,2025-05-20 13:45:00,2025-05-23 10:15:00,2025-05-23 10:30:00,0.0019551534205675125,0.0020807001274079084,0.00012554670684039593
2025-05-08 07:30:00,2025-05-20 13:45:00,2025-05-20 14:00:00,2025-05-23 10:30:00,2025-05-23 10:45:00,0.002017189748585224,0.0021108733490109444,9.368360042572021e-05
2025-05-08 07:45:00,2025-05-20 14:00:00,2025-05-20 14:15:00,2025-05-23 10:45:00,2025-05-23 11:00:00,0.0019666675943881273,0.0021189695689827204,0.00015230197459459305
2025-05-08 08:00:00,2025-05-20 14:15:00,2025-05-20 14:30:00,2025-05-23 11:00:00,2025-05-23 11:15:00,0.002178588882088661,0.0021634665317833424,1.5122350305318832e-05
2025-05-08 08:15:00,2025-05-20 14:30:00,2025-05-20 14:45:00,2025-05-23 11:15:00,2025-05-23 11:30:00,0.0022050021216273308,0.002180007752031088,2.4994369596242905e-05
2025-05-08 08:30:00,2025-05-20 14:45:00,2025-05-20 15:00:00,2025-05-23 11:30:00,2025-05-23 11:45:00,0.0022528725676238537,0.0021656500175595284,8.722255006432533e-05
2025-05-08 08:45:00,2025-05-20 15:00:00,2025-05-20 15:15:00,2025-05-23 11:45:00,2025-05-23 12:00:00,0.002235423307865858,0.002140039810910821,9.538349695503712e-05
2025-05-08 09:00:00,2025-05-20 15:15:00,2025-05-20 15:30:00,2025-05-23 12:00:00,2025-05-23 12:15:00,0.001998934429138899,0.0021389781031757593,0.00014004367403686047
2025-05-08 09:15:00,2025-05-20 15:30:00,2025-05-20 15:45:00,2025-05-23 12:15:00,2025-05-23 12:30:00,0.0019890868570655584,0.002141724806278944,0.00015263794921338558
2025-05-08 09:30:00,2025-05-20 15:45:00,2025-05-20 16:00:00,2025-05-23 12:30:00,2025-05-23 12:45:00,0.002209500642493367,0.002140710363164544,6.879027932882309e-05
2025-05-08 09:45:00,2025-05-20 16:00:00,2025-05-20 16:15:00,2025-05-23 12:45:00,2025-05-23 13:00:00,0.002214677631855011,0.0021778112277388573,3.686640411615372e-05
2025-05-08 10:00:00,2025-05-20 16:15:00,2025-05-20 16:30:00,2025-05-23 13:00:00,2025-05-23 13:15:00,0.0022531417198479176,0.002209231723099947,4.390999674797058e-05
2025-05-08 10:15:00,2025-05-20 16:30:00,2025-05-20 16:45:00,2025-05-23 13:15:00,2025-05-23 13:30:00,0.0022484727669507265,0.0022199340164661407,2.8538750484585762e-05
2025-05-08 10:30:00,2025-05-20 16:45:00,2025-05-20 17:00:00,2025-05-23 13:30:00,2025-05-23 13:45:00,0.0022684335708618164,0.002152243861928582,0.00011618970893323421
2025-05-08 10:45:00,2025-05-20 17:00:00,2025-05-20 17:15:00,2025-05-23 13:45:00,2025-05-23 14:00:00,0.0020487974397838116,0.0016650055767968297,0.00038379186298698187
2025-05-08 11:00:00,2025-05-20 17:15:00,2025-05-20 17:30:00,2025-05-23 14:00:00,2025-05-23 14:15:00,0.002037201076745987,0.001454738900065422,0.0005824621766805649
2025-05-08 11:15:00,2025-05-20 17:30:00,2025-05-20 17:45:00,2025-05-23 14:15:00,2025-05-23 14:30:00,0.0018065840704366565,0.001401263289153576,0.0004053207812830806
2025-05-08 11:30:00,2025-05-20 17:45:00,2025-05-20 18:00:00,2025-05-23 14:30:00,2025-05-23 14:45:00,0.0015958711737766862,0.0013564081164076924,0.00023946305736899376
2025-05-08 11:45:00,2025-05-20 18:00:00,2025-05-20 18:15:00,2025-05-23 14:45:00,2025-05-23 15:00:00,0.001655955333262682,0.0013560039224103093,0.00029995141085237265
2025-05-08 12:00:00,2025-05-20 18:15:00,2025-05-20 18:30:00,2025-05-23 15:00:00,2025-05-23 15:15:00,0.0015390940243378282,0.0014289369573816657,0.00011015706695616245
2025-05-08 12:15:00,2025-05-20 18:30:00,2025-05-20 18:45:00,2025-05-23 15:15:00,2025-05-23 15:30:00,0.0014368727570399642,0.001418174128048122,1.869862899184227e-05
2025-05-08 12:30:00,2025-05-20 18:45:00,2025-05-20 19:00:00,2025-05-23 15:30:00,2025-05-23 15:45:00,0.001243955921381712,0.0014691874384880066,0.00022523151710629463
2025-05-08 12:45:00,2025-05-20 19:00:00,2025-05-20 19:15:00,2025-05-23 15:45:00,2025-05-23 16:00:00,0.001428828458301723,0.001432470977306366,3.6425190046429634e-06
2025-05-08 13:00:00,2025-05-20 19:15:00,2025-05-20 19:30:00,2025-05-23 16:00:00,2025-05-23 16:15:00,0.0014621498994529247,0.0014241533353924751,3.79965640604496e-05
2025-05-08 13:15:00,2025-05-20 19:30:00,2025-05-20 19:45:00,2025-05-23 16:15:00,2025-05-23 16:30:00,0.0012911318335682154,0.0013414494460448623,5.03176124766469e-05
2025-05-08 13:30:00,2025-05-20 19:45:00,2025-05-20 20:00:00,2025-05-23 16:30:00,2025-05-23 16:45:00,0.0012853963999077678,0.0016840576427057385,0.00039866124279797077
2025-05-08 13:45:00,2025-05-20 20:00:00,2025-05-21 04:00:00,2025-05-23 16:45:00,2025-05-23 17:00:00,0.001206211862154305,0.00207854644395411,0.0008723345817998052
2025-05-08 14:00:00,2025-05-21 04:00:00,2025-05-21 04:15:00,2025-05-23 17:00:00,2025-05-23 17:15:00,0.001619113958440721,0.002024028915911913,0.0004049149574711919
2025-05-08 14:15:00,2025-05-21 04:15:00,2025-05-21 04:30:00,2025-05-23 17:15:00,2025-05-23 17:30:00,0.0018776863580569625,0.0020228521898388863,0.00014516583178192377
2025-05-08 14:30:00,2025-05-21 04:30:00,2025-05-21 04:45:00,2025-05-23 17:30:00,2025-05-23 17:45:00,0.0017954835202544928,0.0019930528942495584,0.0001975693739950657
2025-05-08 14:45:00,2025-05-21 04:45:00,2025-05-21 05:00:00,2025-05-23 17:45:00,2025-05-23 18:00:00,0.001860333839431405,0.0019817431457340717,0.00012140930630266666
2025-05-08 15:00:00,2025-05-21 05:00:00,2025-05-21 05:15:00,2025-05-23 18:00:00,2025-05-23 18:15:00,0.0021170182153582573,0.0019475524313747883,0.000169465783983469
2025-05-08 15:15:00,2025-05-21 05:15:00,2025-05-21 05:30:00,2025-05-23 18:15:00,2025-05-23 18:30:00,0.0021042986772954464,0.0019474925938993692,0.00015680608339607716
2025-05-08 15:30:00,2025-05-21 05:30:00,2025-05-21 05:45:00,2025-05-23 18:30:00,2025-05-23 18:45:00,0.0018499543657526374,0.0019388690125197172,8.891464676707983e-05
2025-05-08 15:45:00,2025-05-21 05:45:00,2025-05-21 06:00:00,2025-05-23 18:45:00,2025-05-23 19:00:00,0.0018286596750840545,0.0019361578160896897,0.00010749814100563526
2025-05-08 16:00:00,2025-05-21 06:00:00,2025-05-21 06:15:00,2025-05-23 19:00:00,2025-05-23 19:15:00,0.0018142397748306394,0.0019364209147170186,0.00012218113988637924
2025-05-08 16:15:00,2025-05-21 06:15:00,2025-05-21 06:30:00,2025-05-23 19:15:00,2025-05-23 19:30:00,0.0017941463738679886,0.0019022070337086916,0.00010806065984070301
2025-05-08 16:30:00,2025-05-21 06:30:00,2025-05-21 06:45:00,2025-05-23 19:30:00,2025-05-23 19:45:00,0.0017647026106715202,0.0018628209363669157,9.811832569539547e-05
2025-05-08 16:45:00,2025-05-21 06:45:00,2025-05-21 07:00:00,2025-05-23 19:45:00,2025-05-23 20:00:00,0.0017605311004444957,0.0018498556455597281,8.932454511523247e-05
2025-05-08 17:00:00,2025-05-21 07:00:00,2025-05-21 07:15:00,2025-05-23 20:00:00,2025-05-27 04:00:00,0.00198940047994256,0.0035549451131373644,0.0015655446331948042
2025-05-08 17:15:00,2025-05-21 07:15:00,2025-05-21 07:30:00,2025-05-27 04:00:00,2025-05-27 04:15:00,0.0022281568963080645,0.0035561658442020416,0.0013280089478939772
2025-05-08 17:30:00,2025-05-21 07:30:00,2025-05-21 07:45:00,2025-05-27 04:15:00,2025-05-27 04:30:00,0.0025207670405507088,0.0035416176542639732,0.0010208506137132645
2025-05-08 17:45:00,2025-05-21 07:45:00,2025-05-21 08:00:00,2025-05-27 04:30:00,2025-05-27 04:45:00,0.00295732612721622,0.0035454172175377607,0.0005880910903215408
2025-05-08 18:00:00,2025-05-21 08:00:00,2025-05-21 08:15:00,2025-05-27 04:45:00,2025-05-27 05:00:00,0.0034990361891686916,0.003547190921381116,4.815473221242428e-05
2025-05-08 18:15:00,2025-05-21 08:15:00,2025-05-21 08:30:00,2025-05-27 05:00:00,2025-05-27 05:15:00,0.0033269792329519987,0.0035668134223669767,0.00023983418941497803
2025-05-08 18:30:00,2025-05-21 08:30:00,2025-05-21 08:45:00,2025-05-27 05:15:00,2025-05-27 05:30:00,0.0036633536219596863,0.0035275600384920835,0.00013579358346760273
2025-05-08 18:45:00,2025-05-21 08:45:00,2025-05-21 09:00:00,2025-05-27 05:30:00,2025-05-27 05:45:00,0.003307241015136242,0.003524930914863944,0.00021768989972770214
2025-05-08 19:00:00,2025-05-21 09:00:00,2025-05-21 09:15:00,2025-05-27 05:45:00,2025-05-27 06:00:00,0.003241762053221464,0.0034687628503888845,0.0002270007971674204
2025-05-08 19:15:00,2025-05-21 09:15:00,2025-05-21 09:30:00,2025-05-27 06:00:00,2025-05-27 06:15:00,0.003274089191108942,0.0034570377320051193,0.0001829485408961773
2025-05-08 19:30:00,2025-05-21 09:30:00,2025-05-21 09:45:00,2025-05-27 06:15:00,2025-05-27 06:30:00,0.003521120874211192,0.0034584682434797287,6.265263073146343e-05
2025-05-08 19:45:00,2025-05-21 09:45:00,2025-05-21 10:00:00,2025-05-27 06:30:00,2025-05-27 06:45:00,0.0034825941547751427,0.003466652473434806,1.59416813403368e-05
2025-05-08 20:00:00,2025-05-21 10:00:00,2025-05-21 10:15:00,2025-05-27 06:45:00,2025-05-27 07:00:00,0.0030638803727924824,0.0032605277374386787,0.00019664736464619637
2025-05-09 04:00:00,2025-05-21 10:15:00,2025-05-21 10:30:00,2025-05-27 07:00:00,2025-05-27 07:15:00,0.003042781725525856,0.0030735470354557037,3.076530992984772e-05
2025-05-09 04:15:00,2025-05-21 10:30:00,2025-05-21 10:45:00,2025-05-27 07:15:00,2025-05-27 07:30:00,0.0030055504757910967,0.0030721924267709255,6.664195097982883e-05
2025-05-09 04:30:00,2025-05-21 10:45:00,2025-05-21 11:00:00,2025-05-27 07:30:00,2025-05-27 07:45:00,0.0028747599571943283,0.0030734881293028593,0.000198728172108531
2025-05-09 04:45:00,2025-05-21 11:00:00,2025-05-21 11:15:00,2025-05-27 07:45:00,2025-05-27 08:00:00,0.002769984770566225,0.0030792884062975645,0.00030930363573133945
2025-05-09 05:00:00,2025-05-21 11:15:00,2025-05-21 11:30:00,2025-05-27 08:00:00,2025-05-27 08:15:00,0.0027418003883212805,0.0030799522064626217,0.0003381518181413412
2025-05-09 05:15:00,2025-05-21 11:30:00,2025-05-21 11:45:00,2025-05-27 08:15:00,2025-05-27 08:30:00,0.0027266365941613913,0.0030954135581851006,0.0003687769640237093
2025-05-09 05:30:00,2025-05-21 11:45:00,2025-05-21 12:00:00,2025-05-27 08:30:00,2025-05-27 08:45:00,0.0026905997656285763,0.00309407408349216,0.00040347431786358356
2025-05-09 05:45:00,2025-05-21 12:00:00,2025-05-21 12:15:00,2025-05-27 08:45:00,2025-05-27 09:00:00,0.002678909804672003,0.003094552783295512,0.0004156429786235094
2025-05-09 06:00:00,2025-05-21 12:15:00,2025-05-21 12:30:00,2025-05-27 09:00:00,2025-05-27 09:15:00,0.0027337290812283754,0.0031306471209973097,0.00039691803976893425
2025-05-09 06:15:00,2025-05-21 12:30:00,2025-05-21 12:45:00,2025-05-27 09:15:00,2025-05-27 09:30:00,0.0029571924824267626,0.00314049469307065,0.00018330221064388752
2025-05-09 06:30:00,2025-05-21 12:45:00,2025-05-21 13:00:00,2025-05-27 09:30:00,2025-05-27 09:45:00,0.0026983662974089384,0.0031403221655637026,0.0004419558681547642
2025-05-09 06:45:00,2025-05-21 13:00:00,2025-05-21 13:15:00,2025-05-27 09:45:00,2025-05-27 10:00:00,0.003020781558007002,0.0031452570110559464,0.00012447545304894447
2025-05-09 07:00:00,2025-05-21 13:15:00,2025-05-21 13:30:00,2025-05-27 10:00:00,2025-05-27 10:15:00,0.003100242465734482,0.003149694064632058,4.945159889757633e-05
2025-05-09 07:15:00,2025-05-21 13:30:00,2025-05-21 13:45:00,2025-05-27 10:15:00,2025-05-27 10:30:00,0.0031181308440864086,0.0008951944764703512,0.0022229363676160574
2025-05-09 07:30:00,2025-05-21 13:45:00,2025-05-21 14:00:00,2025-05-27 10:30:00,2025-05-27 10:45:00,0.0031152109149843454,0.0008914782665669918,0.0022237326484173536
2025-05-09 07:45:00,2025-05-21 14:00:00,2025-05-21 14:15:00,2025-05-27 10:45:00,2025-05-27 11:00:00,0.002279031090438366,0.0008952686912380159,0.0013837623409926891
2025-05-09 08:00:00,2025-05-21 14:15:00,2025-05-21 14:30:00,2025-05-27 11:00:00,2025-05-27 11:15:00,0.0016497039468958974,0.0009046749910339713,0.0007450289558619261
2025-05-09 08:15:00,2025-05-21 14:30:00,2025-05-21 14:45:00,2025-05-27 11:15:00,2025-05-27 11:30:00,0.0012861916329711676,0.0008609223878011107,0.0004252692451700568
2025-05-09 08:30:00,2025-05-21 14:45:00,2025-05-21 15:00:00,2025-05-27 11:30:00,2025-05-27 11:45:00,0.0008196354610845447,0.0008082063868641853,1.1429074220359325e-05
2025-05-09 08:45:00,2025-05-21 15:00:00,2025-05-21 15:15:00,2025-05-27 11:45:00,2025-05-27 12:00:00,0.0009476985433138907,0.0008068539900705218,0.00014084455324336886
2025-05-09 09:00:00,2025-05-21 15:15:00,2025-05-21 15:30:00,2025-05-27 12:00:00,2025-05-27 12:15:00,0.0008934938814491034,0.0008074521319940686,8.604174945503473e-05
2025-05-09 09:15:00,2025-05-21 15:30:00,2025-05-21 15:45:00,2025-05-27 12:15:00,2025-05-27 12:30:00,0.0008780529024079442,0.0008524289005436003,2.562400186434388e-05
2025-05-09 09:30:00,2025-05-21 15:45:00,2025-05-21 16:00:00,2025-05-27 12:30:00,2025-05-27 12:45:00,0.0008794507011771202,0.0008614918915554881,1.79588096216321e-05
2025-05-09 09:45:00,2025-05-21 16:00:00,2025-05-21 16:15:00,2025-05-27 12:45:00,2025-05-27 13:00:00,0.0009212552104145288,0.0008616102277301252,5.964498268440366e-05
2025-05-09 10:00:00,2025-05-21 16:15:00,2025-05-21 16:30:00,2025-05-27 13:00:00,2025-05-27 13:15:00,0.0007868930115364492,0.0008144795428961515,2.758653135970235e-05
2025-05-09 10:15:00,2025-05-21 16:30:00,2025-05-21 16:45:00,2025-05-27 13:15:00,2025-05-27 13:30:00,0.0009751560864970088,0.0008125652675516903,0.00016259081894531846
2025-05-09 10:30:00,2025-05-21 16:45:00,2025-05-21 17:00:00,2025-05-27 13:30:00,2025-05-27 13:45:00,0.0008070531184785068,0.000833359663374722,2.63065448962152e-05
2025-05-09 10:45:00,2025-05-21 17:00:00,2025-05-21 17:15:00,2025-05-27 13:45:00,2025-05-27 14:00:00,0.000981761491857469,0.0008314992883242667,0.0001502622035332024
2025-05-09 11:00:00,2025-05-21 17:15:00,2025-05-21 17:30:00,2025-05-27 14:00:00,2025-05-27 14:15:00,0.000976074137724936,0.000849663803819567,0.00012641033390536904
2025-05-09 11:15:00,2025-05-21 17:30:00,2025-05-21 17:45:00,2025-05-27 14:15:00,2025-05-27 14:30:00,0.0008028167067095637,0.0008369629504159093,3.414624370634556e-05
2025-05-09 11:30:00,2025-05-21 17:45:00,2025-05-21 18:00:00,2025-05-27 14:30:00,2025-05-27 14:45:00,0.000947294058278203,0.0008427766733802855,0.00010451738489791751
2025-05-09 11:45:00,2025-05-21 18:00:00,2025-05-21 18:15:00,2025-05-27 14:45:00,2025-05-27 15:00:00,0.0009668936254456639,0.0007903799414634705,0.00017651368398219347
2025-05-09 12:00:00,2025-05-21 18:15:00,2025-05-21 18:30:00,2025-05-27 15:00:00,2025-05-27 15:15:00,0.0009631114662624896,0.000794657040387392,0.0001684544258750975
2025-05-09 12:15:00,2025-05-21 18:30:00,2025-05-21 18:45:00,2025-05-27 15:15:00,2025-05-27 15:30:00,0.0007952141459099948,0.0007817746372893453,1.3439508620649576e-05
2025-05-09 12:30:00,2025-05-21 18:45:00,2025-05-21 19:00:00,2025-05-27 15:30:00,2025-05-27 15:45:00,0.0009464987087994814,0.0006703615072183311,0.0002761372015811503
2025-05-09 12:45:00,2025-05-21 19:00:00,2025-05-21 19:15:00,2025-05-27 15:45:00,2025-05-27 16:00:00,0.0009551024413667619,0.0006303810514509678,0.00032472138991579413
2025-05-09 13:00:00,2025-05-21 19:15:00,2025-05-21 19:30:00,2025-05-27 16:00:00,2025-05-27 16:15:00,0.0009302283870056272,0.0006310147582553327,0.00029921362875029445
2025-05-09 13:15:00,2025-05-21 19:30:00,2025-05-21 19:45:00,2025-05-27 16:15:00,2025-05-27 16:30:00,0.0008742931531742215,0.0005848447326570749,0.0002894484205171466
2025-05-09 13:30:00,2025-05-21 19:45:00,2025-05-21 20:00:00,2025-05-27 16:30:00,2025-05-27 16:45:00,0.0006918836152181029,0.0005355422617867589,0.00015634135343134403
2025-05-09 13:45:00,2025-05-21 20:00:00,2025-05-22 04:00:00,2025-05-27 16:45:00,2025-05-27 17:00:00,0.0006450287182815373,0.0005351028521545231,0.00010992586612701416
2025-05-09 14:00:00,2025-05-22 04:00:00,2025-05-22 04:15:00,2025-05-27 17:00:00,2025-05-27 17:15:00,0.0006079612649045885,0.0005316807655617595,7.628049934282899e-05
2025-05-09 14:15:00,2025-05-22 04:15:00,2025-05-22 04:30:00,2025-05-27 17:15:00,2025-05-27 17:30:00,0.0005831939051859081,0.0005394281470216811,4.376575816422701e-05
2025-05-09 14:30:00,2025-05-22 04:30:00,2025-05-22 04:45:00,2025-05-27 17:30:00,2025-05-27 17:45:00,0.0005650399252772331,0.00052387680625543,4.116311902180314e-05
2025-05-09 14:45:00,2025-05-22 04:45:00,2025-05-22 05:00:00,2025-05-27 17:45:00,2025-05-27 18:00:00,0.0005565120954997838,0.0005647912039421499,8.279108442366123e-06
2025-05-09 15:00:00,2025-05-22 05:00:00,2025-05-22 05:15:00,2025-05-27 18:00:00,2025-05-27 18:15:00,0.0005373451276682317,0.0005650553503073752,2.7710222639143467e-05
2025-05-09 15:15:00,2025-05-22 05:15:00,2025-05-22 05:30:00,2025-05-27 18:15:00,2025-05-27 18:30:00,0.0005461419932544231,0.0005496268859133124,3.4848926588892937e-06
2025-05-09 15:30:00,2025-05-22 05:30:00,2025-05-22 05:45:00,2025-05-27 18:30:00,2025-05-27 18:45:00,0.0005693904240615666,0.0005497079691849649,1.9682454876601696e-05
2025-05-09 15:45:00,2025-05-22 05:45:00,2025-05-22 06:00:00,2025-05-27 18:45:00,2025-05-27 19:00:00,0.0005733758443966508,0.0004705183964688331,0.0001028574479278177
2025-05-09 16:00:00,2025-05-22 06:00:00,2025-05-22 06:15:00,2025-05-27 19:00:00,2025-05-27 19:15:00,0.0005690115503966808,0.00045886621228419244,0.00011014533811248839
2025-05-09 16:15:00,2025-05-22 06:15:00,2025-05-22 06:30:00,2025-05-27 19:15:00,2025-05-27 19:30:00,0.000558045576326549,0.00046215762267820537,9.588795364834368e-05
2025-05-09 16:30:00,2025-05-22 06:30:00,2025-05-22 06:45:00,2025-05-27 19:30:00,2025-05-27 19:45:00,0.0005334505112841725,0.00046917327563278377,6.427723565138876e-05
2025-05-09 16:45:00,2025-05-22 06:45:00,2025-05-22 07:00:00,2025-05-27 19:45:00,2025-05-27 20:00:00,0.000498686742503196,0.0004721956793218851,2.6491063181310892e-05
2025-05-09 17:00:00,2025-05-22 07:00:00,2025-05-22 07:15:00,2025-05-27 20:00:00,2025-05-28 04:00:00,0.0004890720592811704,0.0005815400509163737,9.246799163520336e-05
2025-05-09 17:15:00,2025-05-22 07:15:00,2025-05-22 07:30:00,2025-05-28 04:00:00,2025-05-28 04:15:00,0.000466067431261763,0.000583103159442544,0.00011703572818078101
2025-05-09 17:30:00,2025-05-22 07:30:00,2025-05-22 07:45:00,2025-05-28 04:15:00,2025-05-28 04:30:00,0.0006592678837478161,0.0005673315026797354,9.193638106808066e-05
2025-05-09 17:45:00,2025-05-22 07:45:00,2025-05-22 08:00:00,2025-05-28 04:30:00,2025-05-28 04:45:00,0.0006978787132538855,0.0005820126389153302,0.00011586607433855534
2025-05-09 18:00:00,2025-05-22 08:00:00,2025-05-22 08:15:00,2025-05-28 04:45:00,2025-05-28 05:00:00,0.000711432658135891,0.0005793930031359196,0.0001320396549999714
2025-05-09 18:15:00,2025-05-22 08:15:00,2025-05-22 08:30:00,2025-05-28 05:00:00,2025-05-28 05:15:00,0.0007517363410443068,0.0005811197333969176,0.00017061660764738917
2025-05-09 18:30:00,2025-05-22 08:30:00,2025-05-22 08:45:00,2025-05-28 05:15:00,2025-05-28 05:30:00,0.0007622655248269439,0.0005804846878163517,0.00018178083701059222
2025-05-09 18:45:00,2025-05-22 08:45:00,2025-05-22 09:00:00,2025-05-28 05:30:00,2025-05-28 05:45:00,0.0007710051140747964,0.0005958426045253873,0.00017516250954940915
2025-05-09 19:00:00,2025-05-22 09:00:00,2025-05-22 09:15:00,2025-05-28 05:45:00,2025-05-28 06:00:00,0.000788541161455214,0.0005629542283713818,0.00022558693308383226
2025-05-09 19:15:00,2025-05-22 09:15:00,2025-05-22 09:30:00,2025-05-28 06:00:00,2025-05-28 06:15:00,0.0007967581623233855,0.0005479056271724403,0.0002488525351509452
2025-05-09 19:30:00,2025-05-22 09:30:00,2025-05-22 09:45:00,2025-05-28 06:15:00,2025-05-28 06:30:00,0.0005909241735935211,0.0006238077185116708,3.288354491814971e-05
2025-05-09 19:45:00,2025-05-22 09:45:00,2025-05-22 10:00:00,2025-05-28 06:30:00,2025-05-28 06:45:00,0.0007897166069597006,0.0006452767411246896,0.000144439865835011
2025-05-09 20:00:00,2025-05-22 10:00:00,2025-05-22 10:15:00,2025-05-28 06:45:00,2025-05-28 07:00:00,0.000624418375082314,0.0006521983304992318,2.77799554169178e-05
2025-05-12 04:00:00,2025-05-22 10:15:00,2025-05-22 10:30:00,2025-05-28 07:00:00,2025-05-28 07:15:00,0.00081702193710953,0.0006594978622160852,0.00015752407489344478
2025-05-12 04:15:00,2025-05-22 10:30:00,2025-05-22 10:45:00,2025-05-28 07:15:00,2025-05-28 07:30:00,0.0006242398521862924,0.0006576722953468561,3.343244316056371e-05
2025-05-12 04:30:00,2025-05-22 10:45:00,2025-05-22 11:00:00,2025-05-28 07:30:00,2025-05-28 07:45:00,0.0008235008572228253,0.0006605525268241763,0.00016294833039864898
2025-05-12 04:45:00,2025-05-22 11:00:00,2025-05-22 11:15:00,2025-05-28 07:45:00,2025-05-28 08:00:00,0.0008368507260456681,0.0006641626823693514,0.00017268804367631674
2025-05-12 05:00:00,2025-05-22 11:15:00,2025-05-22 11:30:00,2025-05-28 08:00:00,2025-05-28 08:15:00,0.0006637049955315888,0.0006390032358467579,2.4701759684830904e-05
2025-05-12 05:15:00,2025-05-22 11:30:00,2025-05-22 11:45:00,2025-05-28 08:15:00,2025-05-28 08:30:00,0.000836669176351279,0.0006539843743667006,0.00018268480198457837
2025-05-12 05:30:00,2025-05-22 11:45:00,2025-05-22 12:00:00,2025-05-28 08:30:00,2025-05-28 08:45:00,0.0008397272904403508,0.0006965127540752292,0.0001432145363651216
2025-05-12 05:45:00,2025-05-22 12:00:00,2025-05-22 12:15:00,2025-05-28 08:45:00,2025-05-28 09:00:00,0.0008190118824131787,0.0006999256438575685,0.00011908623855561018
2025-05-12 06:00:00,2025-05-22 12:15:00,2025-05-22 12:30:00,2025-05-28 09:00:00,2025-05-28 09:15:00,0.0008300123736262321,0.0007001626072451472,0.00012984976638108492
2025-05-12 06:15:00,2025-05-22 12:30:00,2025-05-22 12:45:00,2025-05-28 09:15:00,2025-05-28 09:30:00,0.0006814736407250166,0.0007507556583732367,6.928201764822006e-05
2025-05-12 06:30:00,2025-05-22 12:45:00,2025-05-22 13:00:00,2025-05-28 09:30:00,2025-05-28 09:45:00,0.0008800023351795971,0.0009333596099168062,5.335727473720908e-05
2025-05-12 06:45:00,2025-05-22 13:00:00,2025-05-22 13:15:00,2025-05-28 09:45:00,2025-05-28 10:00:00,0.000679365883115679,0.00093671033391729,0.00025734445080161095
2025-05-12 07:00:00,2025-05-22 13:15:00,2025-05-22 13:30:00,2025-05-28 10:00:00,2025-05-28 10:15:00,0.0009251169394701719,0.0009387474856339395,1.3630546163767576e-05
2025-05-12 07:15:00,2025-05-22 13:30:00,2025-05-22 13:45:00,2025-05-28 10:15:00,2025-05-28 10:30:00,0.0009776160586625338,0.0008522928110323846,0.00012532324763014913
2025-05-12 07:30:00,2025-05-22 13:45:00,2025-05-22 14:00:00,2025-05-28 10:30:00,2025-05-28 10:45:00,0.0008446819265373051,0.0008670198149047792,2.233788836747408e-05
2025-05-12 07:45:00,2025-05-22 14:00:00,2025-05-22 14:15:00,2025-05-28 10:45:00,2025-05-28 11:00:00,0.001023597433231771,0.0008657897124066949,0.0001578077208250761
2025-05-12 08:00:00,2025-05-22 14:15:00,2025-05-22 14:30:00,2025-05-28 11:00:00,2025-05-28 11:15:00,0.000854170648381114,0.0008608083589933813,6.637710612267256e-06
2025-05-12 08:15:00,2025-05-22 14:30:00,2025-05-22 14:45:00,2025-05-28 11:15:00,2025-05-28 11:30:00,0.0008530784980393946,0.0008630450465716422,9.966548532247543e-06
2025-05-12 08:30:00,2025-05-22 14:45:00,2025-05-22 15:00:00,2025-05-28 11:30:00,2025-05-28 11:45:00,0.0008591056102886796,0.0008626367780379951,3.5311677493155003e-06
2025-05-12 08:45:00,2025-05-22 15:00:00,2025-05-22 15:15:00,2025-05-28 11:45:00,2025-05-28 12:00:00,0.0008451747708022594,0.0008952294010668993,5.0054630264639854e-05
2025-05-12 09:00:00,2025-05-22 15:15:00,2025-05-22 15:30:00,2025-05-28 12:00:00,2025-05-28 12:15:00,0.000870942254550755,0.0008857412612996995,1.4799006748944521e-05
2025-05-12 09:15:00,2025-05-22 15:30:00,2025-05-22 15:45:00,2025-05-28 12:15:00,2025-05-28 12:30:00,0.0008704789797775447,0.0008824176038615406,1.1938624083995819e-05
2025-05-12 09:30:00,2025-05-22 15:45:00,2025-05-22 16:00:00,2025-05-28 12:30:00,2025-05-28 12:45:00,0.0010748474160209298,0.0008833173778839409,0.00019153003813698888
2025-05-12 09:45:00,2025-05-22 16:00:00,2025-05-22 16:15:00,2025-05-28 12:45:00,2025-05-28 13:00:00,0.0014319438487291336,0.0008384355460293591,0.0005935083026997745
2025-05-12 10:00:00,2025-05-22 16:15:00,2025-05-22 16:30:00,2025-05-28 13:00:00,2025-05-28 13:15:00,0.0011600309517234564,0.0008162236190401018,0.0003438073326833546
2025-05-12 10:15:00,2025-05-22 16:30:00,2025-05-22 16:45:00,2025-05-28 13:15:00,2025-05-28 13:30:00,0.0011433997424319386,0.0008361470536328852,0.00030725268879905343
2025-05-12 10:30:00,2025-05-22 16:45:00,2025-05-22 17:00:00,2025-05-28 13:30:00,2025-05-28 13:45:00,0.0009746724390424788,0.0008331519784405828,0.00014152046060189605
2025-05-12 10:45:00,2025-05-22 17:00:00,2025-05-22 17:15:00,2025-05-28 13:45:00,2025-05-28 14:00:00,0.0009629878913983703,0.0008589792996644974,0.00010400859173387289
2025-05-12 11:00:00,2025-05-22 17:15:00,2025-05-22 17:30:00,2025-05-28 14:00:00,2025-05-28 14:15:00,0.0008335617603734136,0.0008547761826775968,2.1214422304183245e-05
2025-05-12 11:15:00,2025-05-22 17:30:00,2025-05-22 17:45:00,2025-05-28 14:15:00,2025-05-28 14:30:00,0.000831322860904038,0.000850742042530328,1.9419181626290083e-05
2025-05-12 11:30:00,2025-05-22 17:45:00,2025-05-22 18:00:00,2025-05-28 14:30:00,2025-05-28 14:45:00,0.0010077840415760875,0.0008583166636526585,0.000149467377923429
2025-05-12 11:45:00,2025-05-22 18:00:00,2025-05-22 18:15:00,2025-05-28 14:45:00,2025-05-28 15:00:00,0.0009882454760372639,0.0008463953272439539,0.00014185014879330993
2025-05-12 12:00:00,2025-05-22 18:15:00,2025-05-22 18:30:00,2025-05-28 15:00:00,2025-05-28 15:15:00,0.0009904897306114435,0.0008320453925989568,0.0001584443380124867
2025-05-12 12:15:00,2025-05-22 18:30:00,2025-05-22 18:45:00,2025-05-28 15:15:00,2025-05-28 15:30:00,0.0009747795993462205,0.0008512521162629128,0.00012352748308330774
2025-05-12 12:30:00,2025-05-22 18:45:00,2025-05-22 19:00:00,2025-05-28 15:30:00,2025-05-28 15:45:00,0.000947752152569592,0.0009067966020666063,4.0955550502985716e-05
2025-05-12 12:45:00,2025-05-22 19:00:00,2025-05-22 19:15:00,2025-05-28 15:45:00,2025-05-28 16:00:00,0.0009278392535634339,0.0008432951290160418,8.454412454739213e-05
2025-05-12 13:00:00,2025-05-22 19:15:00,2025-05-22 19:30:00,2025-05-28 16:00:00,2025-05-28 16:15:00,0.0009720433154143393,0.0007807919173501432,0.0001912513980641961
2025-05-12 13:15:00,2025-05-22 19:30:00,2025-05-22 19:45:00,2025-05-28 16:15:00,2025-05-28 16:30:00,0.0008392823510803282,0.0008178945863619447,2.138776471838355e-05
2025-05-12 13:30:00,2025-05-22 19:45:00,2025-05-22 20:00:00,2025-05-28 16:30:00,2025-05-28 16:45:00,0.000870167394168675,0.0008374819299206138,3.268546424806118e-05
2025-05-12 13:45:00,2025-05-22 20:00:00,2025-05-23 04:00:00,2025-05-28 16:45:00,2025-05-28 17:00:00,0.0008502154378220439,0.0008390109869651496,1.1204450856894255e-05
2025-05-12 14:00:00,2025-05-23 04:00:00,2025-05-23 04:15:00,2025-05-28 17:00:00,2025-05-28 17:15:00,0.0008425270207226276,0.0008427125867456198,1.855660229921341e-07
2025-05-12 14:15:00,2025-05-23 04:15:00,2025-05-23 04:30:00,2025-05-28 17:15:00,2025-05-28 17:30:00,0.0008528123726136982,0.0008412288734689355,1.1583499144762754e-05
2025-05-12 14:30:00,2025-05-23 04:30:00,2025-05-23 04:45:00,2025-05-28 17:30:00,2025-05-28 17:45:00,0.0009452184895053506,0.0008578687557019293,8.734973380342126e-05
2025-05-12 14:45:00,2025-05-23 04:45:00,2025-05-23 05:00:00,2025-05-28 17:45:00,2025-05-28 18:00:00,0.0009485200280323625,0.0008554187952540815,9.310123277828097e-05
2025-05-12 15:00:00,2025-05-23 05:00:00,2025-05-23 05:15:00,2025-05-28 18:00:00,2025-05-28 18:15:00,0.0009422115399502218,0.0008537101093679667,8.850143058225513e-05
2025-05-12 15:15:00,2025-05-23 05:15:00,2025-05-23 05:30:00,2025-05-28 18:15:00,2025-05-28 18:30:00,0.0009552204282954335,0.0008537041139788926,0.00010151631431654096
2025-05-12 15:30:00,2025-05-23 05:30:00,2025-05-23 05:45:00,2025-05-28 18:30:00,2025-05-28 18:45:00,0.0009676582994870842,0.0009800971020013094,1.2438802514225245e-05
2025-05-12 15:45:00,2025-05-23 05:45:00,2025-05-23 06:00:00,2025-05-28 18:45:00,2025-05-28 19:00:00,0.0007822273182682693,0.0015260650543496013,0.000743837736081332
2025-05-12 16:00:00,2025-05-23 06:00:00,2025-05-23 06:15:00,2025-05-28 19:00:00,2025-05-28 19:15:00,0.0008013323531486094,0.0015329341404139996,0.0007316017872653902
2025-05-12 16:15:00,2025-05-23 06:15:00,2025-05-23 06:30:00,2025-05-28 19:15:00,2025-05-28 19:30:00,0.0013764231698587537,0.0015799171524122357,0.00020349398255348206
2025-05-12 16:30:00,2025-05-23 06:30:00,2025-05-23 06:45:00,2025-05-28 19:30:00,2025-05-28 19:45:00,0.0016842790646478534,0.0015800819965079427,0.0001041970681399107
2025-05-12 16:45:00,2025-05-23 06:45:00,2025-05-23 07:00:00,2025-05-28 19:45:00,2025-05-28 20:00:00,0.0019144046818837523,0.003403270849958062,0.0014888661680743098
2025-05-12 17:00:00,2025-05-23 07:00:00,2025-05-23 07:15:00,2025-05-28 20:00:00,2025-05-29 04:00:00,0.0021115723066031933,0.00477855559438467,0.002666983287781477
2025-05-12 17:15:00,2025-05-23 07:15:00,2025-05-23 07:30:00,2025-05-29 04:00:00,2025-05-29 04:15:00,0.0032901542726904154,0.004793731961399317,0.0015035776887089014
2025-05-12 17:30:00,2025-05-23 07:30:00,2025-05-23 07:45:00,2025-05-29 04:15:00,2025-05-29 04:30:00,0.005464148707687855,0.004793055821210146,0.0006710928864777088
2025-05-12 17:45:00,2025-05-23 07:45:00,2025-05-23 08:00:00,2025-05-29 04:30:00,2025-05-29 04:45:00,0.0070816995576024055,0.004794561304152012,0.0022871382534503937
2025-05-12 18:00:00,2025-05-23 08:00:00,2025-05-23 08:15:00,2025-05-29 04:45:00,2025-05-29 05:00:00,0.008327547460794449,0.004789366852492094,0.003538180608302355
2025-05-12 18:15:00,2025-05-23 08:15:00,2025-05-23 08:30:00,2025-05-29 05:00:00,2025-05-29 05:15:00,0.007924091070890427,0.004791502375155687,0.0031325886957347393
2025-05-12 18:30:00,2025-05-23 08:30:00,2025-05-23 08:45:00,2025-05-29 05:15:00,2025-05-29 05:30:00,0.007798010017722845,0.004785626661032438,0.003012383356690407
2025-05-12 18:45:00,2025-05-23 08:45:00,2025-05-23 09:00:00,2025-05-29 05:30:00,2025-05-29 05:45:00,0.007472263183444738,0.004783871117979288,0.0026883920654654503
2025-05-12 19:00:00,2025-05-23 09:00:00,2025-05-23 09:15:00,2025-05-29 05:45:00,2025-05-29 06:00:00,0.0071028065867722034,0.004780729301273823,0.0023220772854983807
2025-05-12 19:15:00,2025-05-23 09:15:00,2025-05-23 09:30:00,2025-05-29 06:00:00,2025-05-29 06:15:00,0.006801243405789137,0.004788124933838844,0.0020131184719502926
2025-05-12 19:30:00,2025-05-23 09:30:00,2025-05-23 09:45:00,2025-05-29 06:15:00,2025-05-29 06:30:00,0.006629918701946735,0.004780599381774664,0.0018493193201720715
2025-05-12 19:45:00,2025-05-23 09:45:00,2025-05-23 10:00:00,2025-05-29 06:30:00,2025-05-29 06:45:00,0.006490493193268776,0.004777901340276003,0.001712591852992773
2025-05-12 20:00:00,2025-05-23 10:00:00,2025-05-23 10:15:00,2025-05-29 06:45:00,2025-05-29 07:00:00,0.006459482945501804,0.004776875954121351,0.0016826069913804531
2025-05-13 04:00:00,2025-05-23 10:15:00,2025-05-23 10:30:00,2025-05-29 07:00:00,2025-05-29 07:15:00,0.006246192380785942,0.004789404571056366,0.0014567878097295761
2025-05-13 04:15:00,2025-05-23 10:30:00,2025-05-23 10:45:00,2025-05-29 07:15:00,2025-05-29 07:30:00,0.006192013621330261,0.004784016869962215,0.0014079967513680458
2025-05-13 04:30:00,2025-05-23 10:45:00,2025-05-23 11:00:00,2025-05-29 07:30:00,2025-05-29 07:45:00,0.006152295507490635,0.004802755545824766,0.0013495399616658688
2025-05-13 04:45:00,2025-05-23 11:00:00,2025-05-23 11:15:00,2025-05-29 07:45:00,2025-05-29 08:00:00,0.006085788365453482,0.004802469629794359,0.0012833187356591225
2025-05-13 05:00:00,2025-05-23 11:15:00,2025-05-23 11:30:00,2025-05-29 08:00:00,2025-05-29 08:15:00,0.005948089528828859,0.004803021904081106,0.0011450676247477531
2025-05-13 05:15:00,2025-05-23 11:30:00,2025-05-23 11:45:00,2025-05-29 08:15:00,2025-05-29 08:30:00,0.005939400754868984,0.004805870354175568,0.0011335304006934166
2025-05-13 05:30:00,2025-05-23 11:45:00,2025-05-23 12:00:00,2025-05-29 08:30:00,2025-05-29 08:45:00,0.006022821646183729,0.004801630508154631,0.0012211911380290985
2025-05-13 05:45:00,2025-05-23 12:00:00,2025-05-23 12:15:00,2025-05-29 08:45:00,2025-05-29 09:00:00,0.0058861300349235535,0.0047776480205357075,0.001108482014387846
2025-05-13 06:00:00,2025-05-23 12:15:00,2025-05-23 12:30:00,2025-05-29 09:00:00,2025-05-29 09:15:00,0.005856937728822231,0.004620000254362822,0.0012369374744594097
2025-05-13 06:15:00,2025-05-23 12:30:00,2025-05-23 12:45:00,2025-05-29 09:15:00,2025-05-29 09:30:00,0.005815715994685888,0.004663253203034401,0.0011524627916514874
2025-05-13 06:30:00,2025-05-23 12:45:00,2025-05-23 13:00:00,2025-05-29 09:30:00,2025-05-29 09:45:00,0.005720087327063084,0.004635798744857311,0.0010842885822057724
2025-05-13 06:45:00,2025-05-23 13:00:00,2025-05-23 13:15:00,2025-05-29 09:45:00,2025-05-29 10:00:00,0.005640867631882429,0.0046558077447116375,0.0009850598871707916
2025-05-13 07:00:00,2025-05-23 13:15:00,2025-05-23 13:30:00,2025-05-29 10:00:00,2025-05-29 10:15:00,0.005527684465050697,0.0035919970832765102,0.001935687381774187
2025-05-13 07:15:00,2025-05-23 13:30:00,2025-05-23 13:45:00,2025-05-29 10:15:00,2025-05-29 10:30:00,0.005528907757252455,0.0010661750566214323,0.004462732933461666
2025-05-13 07:30:00,2025-05-23 13:45:00,2025-05-23 14:00:00,2025-05-29 10:30:00,2025-05-29 10:45:00,0.00498425867408514,0.0011573826195672154,0.0038268761709332466
2025-05-13 07:45:00,2025-05-23 14:00:00,2025-05-23 14:15:00,2025-05-29 10:45:00,2025-05-29 11:00:00,0.0028977699112147093,0.0012112107360735536,0.0016865591751411557
2025-05-13 08:00:00,2025-05-23 14:15:00,2025-05-23 14:30:00,2025-05-29 11:00:00,2025-05-29 11:15:00,0.0015889116330072284,0.0012957308208569884,0.00029318081215023994
2025-05-13 08:15:00,2025-05-23 14:30:00,2025-05-23 14:45:00,2025-05-29 11:15:00,2025-05-29 11:30:00,0.0009287588763982058,0.001356089604087174,0.0004273307276889682
2025-05-13 08:30:00,2025-05-23 14:45:00,2025-05-23 15:00:00,2025-05-29 11:30:00,2025-05-29 11:45:00,0.0006876328843645751,0.0014692420372739434,0.0007816091529093683
2025-05-13 08:45:00,2025-05-23 15:00:00,2025-05-23 15:15:00,2025-05-29 11:45:00,2025-05-29 12:00:00,0.0006787868915125728,0.0015786263393238187,0.0008998394478112459
2025-05-13 09:00:00,2025-05-23 15:15:00,2025-05-23 15:30:00,2025-05-29 12:00:00,2025-05-29 12:15:00,0.0008261264301836491,0.0015908058267086744,0.0007646793965250254
2025-05-13 09:15:00,2025-05-23 15:30:00,2025-05-23 15:45:00,2025-05-29 12:15:00,2025-05-29 12:30:00,0.0010196790099143982,0.0015937223797664046,0.0005740433698520064
2025-05-13 09:30:00,2025-05-23 15:45:00,2025-05-23 16:00:00,2025-05-29 12:30:00,2025-05-29 12:45:00,0.0012324737617745996,0.0015977316070348024,0.0003652578452602029
2025-05-13 09:45:00,2025-05-23 16:00:00,2025-05-23 16:15:00,2025-05-29 12:45:00,2025-05-29 13:00:00,0.0014504158170893788,0.0015979339368641376,0.00014751811977475882
2025-05-13 10:00:00,2025-05-23 16:15:00,2025-05-23 16:30:00,2025-05-29 13:00:00,2025-05-29 13:15:00,0.0015490703517571092,0.0015996103174984455,5.0539965741336346e-05
2025-05-13 10:15:00,2025-05-23 16:30:00,2025-05-23 16:45:00,2025-05-29 13:15:00,2025-05-29 13:30:00,0.0016738148406147957,0.0015992880798876286,7.452676072716713e-05
2025-05-13 10:30:00,2025-05-23 16:45:00,2025-05-23 17:00:00,2025-05-29 13:30:00,2025-05-29 13:45:00,0.0017734933644533157,0.0015833580400794744,0.00019013532437384129
2025-05-13 10:45:00,2025-05-23 17:00:00,2025-05-23 17:15:00,2025-05-29 13:45:00,2025-05-29 14:00:00,0.0021232443396002054,0.0015872577205300331,0.0005359866190701723
2025-05-13 11:00:00,2025-05-23 17:15:00,2025-05-23 17:30:00,2025-05-29 14:00:00,2025-05-29 14:15:00,0.0021362174302339554,0.0015839075203984976,0.0005523099098354578
2025-05-13 11:15:00,2025-05-23 17:30:00,2025-05-23 17:45:00,2025-05-29 14:15:00,2025-05-29 14:30:00,0.001855933922342956,0.0016475172014907002,0.00020841672085225582
2025-05-13 11:30:00,2025-05-23 17:45:00,2025-05-23 18:00:00,2025-05-29 14:30:00,2025-05-29 14:45:00,0.0019236650550737977,0.001650489866733551,0.0002731751883402467
2025-05-13 11:45:00,2025-05-23 18:00:00,2025-05-23 18:15:00,2025-05-29 14:45:00,2025-05-29 15:00:00,0.0019652480259537697,0.0016486897366121411,0.00031655828934162855
2025-05-13 12:00:00,2025-05-23 18:15:00,2025-05-23 18:30:00,2025-05-29 15:00:00,2025-05-29 15:15:00,0.001990264980122447,0.0016522996593266726,0.00033796532079577446
2025-05-13 12:15:00,2025-05-23 18:30:00,2025-05-23 18:45:00,2025-05-29 15:15:00,2025-05-29 15:30:00,0.002040757331997156,0.0016561311203986406,0.0003846262115985155
2025-05-13 12:30:00,2025-05-23 18:45:00,2025-05-23 19:00:00,2025-05-29 15:30:00,2025-05-29 15:45:00,0.0020577367395162582,0.0016660700784996152,0.00039166666101664305
2025-05-13 12:45:00,2025-05-23 19:00:00,2025-05-23 19:15:00,2025-05-29 15:45:00,2025-05-29 16:00:00,0.0020800596103072166,0.0015414098743349314,0.0005386497359722853
2025-05-13 13:00:00,2025-05-23 19:15:00,2025-05-23 19:30:00,2025-05-29 16:00:00,2025-05-29 16:15:00,0.002102074446156621,0.001548878150060773,0.0005531962960958481
2025-05-13 13:15:00,2025-05-23 19:30:00,2025-05-23 19:45:00,2025-05-29 16:15:00,2025-05-29 16:30:00,0.0020409130956977606,0.0014640868175774813,0.0005768262781202793
2025-05-13 13:30:00,2025-05-23 19:45:00,2025-05-23 20:00:00,2025-05-29 16:30:00,2025-05-29 16:45:00,0.0019842491019517183,0.0014599089045077562,0.0005243401974439621
2025-05-13 13:45:00,2025-05-23 20:00:00,2025-05-27 04:00:00,2025-05-29 16:45:00,2025-05-29 17:00:00,0.001924645621329546,0.0014557110844179988,0.0004689345369115472
2025-05-13 14:00:00,2025-05-27 04:00:00,2025-05-27 04:15:00,2025-05-29 17:00:00,2025-05-29 17:15:00,0.0022748166229575872,0.0013950775610283017,0.0008797390619292855
2025-05-13 14:15:00,2025-05-27 04:15:00,2025-05-27 04:30:00,2025-05-29 17:15:00,2025-05-29 17:30:00,0.0022617254871875048,0.001326361671090126,0.0009353638160973787
2025-05-13 14:30:00,2025-05-27 04:30:00,2025-05-27 04:45:00,2025-05-29 17:30:00,2025-05-29 17:45:00,0.00212741456925869,0.0012689376017078757,0.0008584769675508142
2025-05-13 14:45:00,2025-05-27 04:45:00,2025-05-27 05:00:00,2025-05-29 17:45:00,2025-05-29 18:00:00,0.0017366125248372555,0.0011686596553772688,0.0005679528694599867
2025-05-13 15:00:00,2025-05-27 05:00:00,2025-05-27 05:15:00,2025-05-29 18:00:00,2025-05-29 18:15:00,0.0016950169811025262,0.0009748326265253127,0.0007201843545772135
2025-05-13 15:15:00,2025-05-27 05:15:00,2025-05-27 05:30:00,2025-05-29 18:15:00,2025-05-29 18:30:00,0.0015877524856477976,0.0008612788515165448,0.0007264736341312528
2025-05-13 15:30:00,2025-05-27 05:30:00,2025-05-27 05:45:00,2025-05-29 18:30:00,2025-05-29 18:45:00,0.0014302161289379,0.0008567848708480597,0.0005734312580898404
2025-05-13 15:45:00,2025-05-27 05:45:00,2025-05-27 06:00:00,2025-05-29 18:45:00,2025-05-29 19:00:00,0.0012455928372219205,0.0008383205276913941,0.0004072723095305264
2025-05-13 16:00:00,2025-05-27 06:00:00,2025-05-27 06:15:00,2025-05-29 19:00:00,2025-05-29 19:15:00,0.0011168161872774363,0.000832757621537894,0.00028405856573954225
2025-05-13 16:15:00,2025-05-27 06:15:00,2025-05-27 06:30:00,2025-05-29 19:15:00,2025-05-29 19:30:00,0.0010327092604711652,0.0008509003673680127,0.0001818088931031525
2025-05-13 16:30:00,2025-05-27 06:30:00,2025-05-27 06:45:00,2025-05-29 19:30:00,2025-05-29 19:45:00,0.0009912140667438507,0.0008427344728261232,0.00014847959391772747
2025-05-13 16:45:00,2025-05-27 06:45:00,2025-05-27 07:00:00,2025-05-29 19:45:00,2025-05-29 20:00:00,0.0009915707632899284,0.0010726862819865346,8.111551869660616e-05
2025-05-13 17:00:00,2025-05-27 07:00:00,2025-05-27 07:15:00,2025-05-29 20:00:00,2025-05-30 04:00:00,0.0010106494883075356,0.001058048103004694,4.739861469715834e-05
2025-05-13 17:15:00,2025-05-27 07:15:00,2025-05-27 07:30:00,2025-05-30 04:00:00,2025-05-30 04:15:00,0.0011229084338992834,0.001050310442224145,7.259799167513847e-05
2025-05-13 17:30:00,2025-05-27 07:30:00,2025-05-27 07:45:00,2025-05-30 04:15:00,2025-05-30 04:30:00,0.001224035513587296,0.0009845331078395247,0.00023950240574777126
2025-05-13 17:45:00,2025-05-27 07:45:00,2025-05-27 08:00:00,2025-05-30 04:30:00,2025-05-30 04:45:00,0.001318864873610437,0.000902941741514951,0.0004159231320954859
2025-05-13 18:00:00,2025-05-27 08:00:00,2025-05-27 08:15:00,2025-05-30 04:45:00,2025-05-30 05:00:00,0.0013403992634266615,0.000892815412953496,0.0004475838504731655
2025-05-13 18:15:00,2025-05-27 08:15:00,2025-05-27 08:30:00,2025-05-30 05:00:00,2025-05-30 05:15:00,0.0013061416102573276,0.0008931448683142662,0.00041299674194306135
2025-05-13 18:30:00,2025-05-27 08:30:00,2025-05-27 08:45:00,2025-05-30 05:15:00,2025-05-30 05:30:00,0.0012471693335101008,0.0008883990230970085,0.0003587703104130924
2025-05-13 18:45:00,2025-05-27 08:45:00,2025-05-27 09:00:00,2025-05-30 05:30:00,2025-05-30 05:45:00,0.0012255979236215353,0.0008925219881348312,0.0003330759354867041
2025-05-13 19:00:00,2025-05-27 09:00:00,2025-05-27 09:15:00,2025-05-30 05:45:00,2025-05-30 06:00:00,0.0011857150821015239,0.0008558449917472899,0.000329870090354234
2025-05-13 19:15:00,2025-05-27 09:15:00,2025-05-27 09:30:00,2025-05-30 06:00:00,2025-05-30 06:15:00,0.0011654639383777976,0.0008532383944839239,0.0003122255438938737
2025-05-13 19:30:00,2025-05-27 09:30:00,2025-05-27 09:45:00,2025-05-30 06:15:00,2025-05-30 06:30:00,0.0011292920680716634,0.0008385159308090806,0.0002907761372625828
2025-05-13 19:45:00,2025-05-27 09:45:00,2025-05-27 10:00:00,2025-05-30 06:30:00,2025-05-30 06:45:00,0.0011239396408200264,0.0008365426328964531,0.00028739700792357326
2025-05-13 20:00:00,2025-05-27 10:00:00,2025-05-27 10:15:00,2025-05-30 06:45:00,2025-05-30 07:00:00,0.0011138408444821835,0.0008604771574027836,0.0002533636870793998
2025-05-14 04:00:00,2025-05-27 10:15:00,2025-05-27 10:30:00,2025-05-30 07:00:00,2025-05-30 07:15:00,0.0011071438202634454,0.0008668330847285688,0.00024031073553487659
2025-05-14 04:15:00,2025-05-27 10:30:00,2025-05-27 10:45:00,2025-05-30 07:15:00,2025-05-30 07:30:00,0.001092828344553709,0.00086750223999843,0.00022532610455527902
2025-05-14 04:30:00,2025-05-27 10:45:00,2025-05-27 11:00:00,2025-05-30 07:30:00,2025-05-30 07:45:00,0.0011232557008042932,0.0008682567276991904,0.0002549989731051028
2025-05-14 04:45:00,2025-05-27 11:00:00,2025-05-27 11:15:00,2025-05-30 07:45:00,2025-05-30 08:00:00,0.0011257044970989227,0.001197605743072927,7.190124597400427e-05
2025-05-14 05:00:00,2025-05-27 11:15:00,2025-05-27 11:30:00,2025-05-30 08:00:00,2025-05-30 08:15:00,0.0011374225141480565,0.0011943118879571557,5.68893738090992e-05
2025-05-14 05:15:00,2025-05-27 11:30:00,2025-05-27 11:45:00,2025-05-30 08:15:00,2025-05-30 08:30:00,0.001314458204433322,0.0012439688434824347,7.04893609508872e-05
2025-05-14 05:30:00,2025-05-27 11:45:00,2025-05-27 12:00:00,2025-05-30 08:30:00,2025-05-30 08:45:00,0.0014668176881968975,0.0012522508623078465,0.00021456682588905096
2025-05-14 05:45:00,2025-05-27 12:00:00,2025-05-27 12:15:00,2025-05-30 08:45:00,2025-05-30 09:00:00,0.0017483135452494025,0.0012466252082958817,0.0005016883369535208
2025-05-14 06:00:00,2025-05-27 12:15:00,2025-05-27 12:30:00,2025-05-30 09:00:00,2025-05-30 09:15:00,0.0018181719351559877,0.0013161174720153213,0.0005020544631406665
2025-05-14 06:15:00,2025-05-27 12:30:00,2025-05-27 12:45:00,2025-05-30 09:15:00,2025-05-30 09:30:00,0.0018904696917161345,0.0013711347710341215,0.000519334920682013
2025-05-14 06:30:00,2025-05-27 12:45:00,2025-05-27 13:00:00,2025-05-30 09:30:00,2025-05-30 09:45:00,0.0019510206766426563,0.0013759203720837831,0.0005751003045588732
2025-05-14 06:45:00,2025-05-27 13:00:00,2025-05-27 13:15:00,2025-05-30 09:45:00,2025-05-30 10:00:00,0.0018999932799488306,0.0015518475556746125,0.0003481457242742181
2025-05-14 07:00:00,2025-05-27 13:15:00,2025-05-27 13:30:00,2025-05-30 10:00:00,2025-05-30 10:15:00,0.0019768676720559597,0.0014110878109931946,0.0005657798610627651
2025-05-14 07:15:00,2025-05-27 13:30:00,2025-05-27 13:45:00,2025-05-30 10:15:00,2025-05-30 10:30:00,0.0020648185163736343,0.00141397665720433,0.0006508418591693044
2025-05-14 07:30:00,2025-05-27 13:45:00,2025-05-27 14:00:00,2025-05-30 10:30:00,2025-05-30 10:45:00,0.0020623328164219856,0.0014164992608129978,0.0006458335556089878
2025-05-14 07:45:00,2025-05-27 14:00:00,2025-05-27 14:15:00,2025-05-30 10:45:00,2025-05-30 11:00:00,0.002054315060377121,0.0014161710860207677,0.0006381439743563533
2025-05-14 08:00:00,2025-05-27 14:15:00,2025-05-27 14:30:00,2025-05-30 11:00:00,2025-05-30 11:15:00,0.0020330436527729034,0.0014258177252486348,0.0006072259275242686
2025-05-14 08:15:00,2025-05-27 14:30:00,2025-05-27 14:45:00,2025-05-30 11:15:00,2025-05-30 11:30:00,0.0020241192542016506,0.0015133582055568695,0.0005107610486447811
2025-05-14 08:30:00,2025-05-27 14:45:00,2025-05-27 15:00:00,2025-05-30 11:30:00,2025-05-30 11:45:00,0.001997722312808037,0.0015153182903304696,0.0004824040224775672
2025-05-14 08:45:00,2025-05-27 15:00:00,2025-05-27 15:15:00,2025-05-30 11:45:00,2025-05-30 12:00:00,0.002014032332226634,0.0015197084285318851,0.0004943239036947489
2025-05-14 09:00:00,2025-05-27 15:15:00,2025-05-27 15:30:00,2025-05-30 12:00:00,2025-05-30 12:15:00,0.0020460952073335648,0.0018485905602574348,0.0001975046470761299
2025-05-14 09:15:00,2025-05-27 15:30:00,2025-05-27 15:45:00,2025-05-30 12:15:00,2025-05-30 12:30:00,0.0020973095670342445,0.0018517589196562767,0.00024555064737796783
2025-05-14 09:30:00,2025-05-27 15:45:00,2025-05-27 16:00:00,2025-05-30 12:30:00,2025-05-30 12:45:00,0.0022673208732157946,0.00183812843170017,0.0004291924415156245
2025-05-14 09:45:00,2025-05-27 16:00:00,2025-05-27 16:15:00,2025-05-30 12:45:00,2025-05-30 13:00:00,0.002425239887088537,0.0018802323611453176,0.0005450075259432197
2025-05-14 10:00:00,2025-05-27 16:15:00,2025-05-27 16:30:00,2025-05-30 13:00:00,2025-05-30 13:15:00,0.0025107674300670624,0.0018924364121630788,0.0006183310179039836
2025-05-14 10:15:00,2025-05-27 16:30:00,2025-05-27 16:45:00,2025-05-30 13:15:00,2025-05-30 13:30:00,0.002573753474280238,0.0018731605960056186,0.0007005928782746196
2025-05-14 10:30:00,2025-05-27 16:45:00,2025-05-27 17:00:00,2025-05-30 13:30:00,2025-05-30 13:45:00,0.002604497130960226,0.0018737837672233582,0.0007307133637368679
2025-05-14 10:45:00,2025-05-27 17:00:00,2025-05-27 17:15:00,2025-05-30 13:45:00,2025-05-30 14:00:00,0.002622914733365178,0.0019611932802945375,0.0006617214530706406
2025-05-14 11:00:00,2025-05-27 17:15:00,2025-05-27 17:30:00,2025-05-30 14:00:00,2025-05-30 14:15:00,0.002627784851938486,0.00198314874432981,0.000644636107608676
2025-05-14 11:15:00,2025-05-27 17:30:00,2025-05-27 17:45:00,2025-05-30 14:15:00,2025-05-30 14:30:00,0.002596608828753233,0.0018005060264840722,0.0007961028022691607
2025-05-14 11:30:00,2025-05-27 17:45:00,2025-05-27 18:00:00,2025-05-30 14:30:00,2025-05-30 14:45:00,0.002638026839122176,0.0018160167383030057,0.0008220101008191705
2025-05-14 11:45:00,2025-05-27 18:00:00,2025-05-27 18:15:00,2025-05-30 14:45:00,2025-05-30 15:00:00,0.002589253708720207,0.0017981365090236068,0.0007911171996966004
2025-05-14 12:00:00,2025-05-27 18:15:00,2025-05-27 18:30:00,2025-05-30 15:00:00,2025-05-30 15:15:00,0.002494190586730838,0.0018202076898887753,0.0006739828968420625
2025-05-14 12:15:00,2025-05-27 18:30:00,2025-05-27 18:45:00,2025-05-30 15:15:00,2025-05-30 15:30:00,0.0024353477638214827,0.0018411041237413883,0.0005942436400800943
2025-05-14 12:30:00,2025-05-27 18:45:00,2025-05-27 19:00:00,2025-05-30 15:30:00,2025-05-30 15:45:00,0.0024083335883915424,0.001804593950510025,0.0006037396378815174
2025-05-14 12:45:00,2025-05-27 19:00:00,2025-05-27 19:15:00,2025-05-30 15:45:00,2025-05-30 16:00:00,0.0023423584643751383,0.0017577011603862047,0.0005846573039889336
2025-05-14 13:00:00,2025-05-27 19:15:00,2025-05-27 19:30:00,2025-05-30 16:00:00,2025-05-30 16:15:00,0.002368158893659711,0.0017470642924308777,0.0006210946012288332
2025-05-14 13:15:00,2025-05-27 19:30:00,2025-05-27 19:45:00,2025-05-30 16:15:00,2025-05-30 16:30:00,0.002343475818634033,0.0015962558100000024,0.0007472200086340308
2025-05-14 13:30:00,2025-05-27 19:45:00,2025-05-27 20:00:00,2025-05-30 16:30:00,2025-05-30 16:45:00,0.002295594895258546,0.0015907979104667902,0.0007047969847917557
2025-05-14 13:45:00,2025-05-27 20:00:00,2025-05-28 04:00:00,2025-05-30 16:45:00,2025-05-30 17:00:00,0.0022090731654316187,0.001582132768817246,0.0006269403966143727
2025-05-14 14:00:00,2025-05-28 04:00:00,2025-05-28 04:15:00,2025-05-30 17:00:00,2025-05-30 17:15:00,0.00211698398925364,0.0015779905952513218,0.0005389933940023184
2025-05-14 14:15:00,2025-05-28 04:15:00,2025-05-28 04:30:00,2025-05-30 17:15:00,2025-05-30 17:30:00,0.0020887204445898533,0.0015813895734027028,0.0005073308711871505
2025-05-14 14:30:00,2025-05-28 04:30:00,2025-05-28 04:45:00,2025-05-30 17:30:00,2025-05-30 17:45:00,0.0020251625683158636,0.0015732563333585858,0.0004519062349572778
2025-05-14 14:45:00,2025-05-28 04:45:00,2025-05-28 05:00:00,2025-05-30 17:45:00,2025-05-30 18:00:00,0.002010310534387827,0.0014889021404087543,0.0005214083939790726
2025-05-14 15:00:00,2025-05-28 05:00:00,2025-05-28 05:15:00,2025-05-30 18:00:00,2025-05-30 18:15:00,0.001993055921047926,0.0014902822440490127,0.0005027736769989133
2025-05-14 15:15:00,2025-05-28 05:15:00,2025-05-28 05:30:00,2025-05-30 18:15:00,2025-05-30 18:30:00,0.0019573562312871218,0.0014890594175085425,0.00046829681377857924
2025-05-14 15:30:00,2025-05-28 05:30:00,2025-05-28 05:45:00,2025-05-30 18:30:00,2025-05-30 18:45:00,0.0019333392847329378,0.0009912817040458322,0.0009420575806871057
2025-05-14 15:45:00,2025-05-28 05:45:00,2025-05-28 06:00:00,2025-05-30 18:45:00,2025-05-30 19:00:00,0.0019096274627372622,0.00097086833557114,0.0009387591271661222
2025-05-14 16:00:00,2025-05-28 06:00:00,2025-05-28 06:15:00,2025-05-30 19:00:00,2025-05-30 19:15:00,0.0016595210181549191,0.0009661336080171168,0.0006933874101378024
2025-05-14 16:15:00,2025-05-28 06:15:00,2025-05-28 06:30:00,2025-05-30 19:15:00,2025-05-30 19:30:00,0.0014448752626776695,0.0009184021037071943,0.0005264731589704752
2025-05-14 16:30:00,2025-05-28 06:30:00,2025-05-28 06:45:00,2025-05-30 19:30:00,2025-05-30 19:45:00,0.0012650461867451668,0.0009091165848076344,0.0003559296019375324
2025-05-14 16:45:00,2025-05-28 06:45:00,2025-05-28 07:00:00,2025-05-30 19:45:00,2025-05-30 20:00:00,0.0011568790068849921,0.000953644746914506,0.00020323425997048616
2025-05-14 17:00:00,2025-05-28 07:00:00,2025-05-28 07:15:00,2025-05-30 20:00:00,2025-06-02 04:00:00,0.0010616118088364601,0.0012577406596392393,0.0001961288508027792
2025-05-14 17:15:00,2025-05-28 07:15:00,2025-05-28 07:30:00,2025-06-02 04:00:00,2025-06-02 04:15:00,0.001074872794561088,0.0011415246408432722,6.665184628218412e-05
2025-05-14 17:30:00,2025-05-28 07:30:00,2025-05-28 07:45:00,2025-06-02 04:15:00,2025-06-02 04:30:00,0.0012381456326693296,0.0011166753247380257,0.00012147030793130398
2025-05-14 17:45:00,2025-05-28 07:45:00,2025-05-28 08:00:00,2025-06-02 04:30:00,2025-06-02 04:45:00,0.001340727787464857,0.001112046535126865,0.0002286812523379922
2025-05-14 18:00:00,2025-05-28 08:00:00,2025-05-28 08:15:00,2025-06-02 04:45:00,2025-06-02 05:00:00,0.001412327284924686,0.0010944940149784088,0.00031783326994627714
2025-05-14 18:15:00,2025-05-28 08:15:00,2025-05-28 08:30:00,2025-06-02 05:00:00,2025-06-02 05:15:00,0.0014533763751387596,0.0010529402643442154,0.0004004361107945442
2025-05-14 18:30:00,2025-05-28 08:30:00,2025-05-28 08:45:00,2025-06-02 05:15:00,2025-06-02 05:30:00,0.0014441754901781678,0.0009733421611599624,0.0004708333290182054
2025-05-14 18:45:00,2025-05-28 08:45:00,2025-05-28 09:00:00,2025-06-02 05:30:00,2025-06-02 05:45:00,0.0014305156655609608,0.0009710476733744144,0.0004594679921865463
2025-05-14 19:00:00,2025-05-28 09:00:00,2025-05-28 09:15:00,2025-06-02 05:45:00,2025-06-02 06:00:00,0.001350593869574368,0.0009883525781333447,0.00036224129144102335
2025-05-14 19:15:00,2025-05-28 09:15:00,2025-05-28 09:30:00,2025-06-02 06:00:00,2025-06-02 06:15:00,0.0012936829589307308,0.0009850930655375123,0.0003085898933932185
2025-05-14 19:30:00,2025-05-28 09:30:00,2025-05-28 09:45:00,2025-06-02 06:15:00,2025-06-02 06:30:00,0.0012467928463593125,0.0009868446504697204,0.00025994819588959217
2025-05-14 19:45:00,2025-05-28 09:45:00,2025-05-28 10:00:00,2025-06-02 06:30:00,2025-06-02 06:45:00,0.0014173443196341395,0.0009915740229189396,0.00042577029671519995
2025-05-14 20:00:00,2025-05-28 10:00:00,2025-05-28 10:15:00,2025-06-02 06:45:00,2025-06-02 07:00:00,0.0012223372468724847,0.0010138932848349214,0.00020844396203756332
2025-05-15 04:00:00,2025-05-28 10:15:00,2025-05-28 10:30:00,2025-06-02 07:00:00,2025-06-02 07:15:00,0.0012274308828637004,0.0010129769798368216,0.00021445390302687883
2025-05-15 04:15:00,2025-05-28 10:30:00,2025-05-28 10:45:00,2025-06-02 07:15:00,2025-06-02 07:30:00,0.0012451686197891831,0.0010111936135217547,0.0002339750062674284
2025-05-15 04:30:00,2025-05-28 10:45:00,2025-05-28 11:00:00,2025-06-02 07:30:00,2025-06-02 07:45:00,0.001267494517378509,0.001004536752589047,0.0002629577647894621
2025-05-15 04:45:00,2025-05-28 11:00:00,2025-05-28 11:15:00,2025-06-02 07:45:00,2025-06-02 08:00:00,0.0012814314104616642,0.0010285538155585527,0.00025287759490311146
2025-05-15 05:00:00,2025-05-28 11:15:00,2025-05-28 11:30:00,2025-06-02 08:00:00,2025-06-02 08:15:00,0.0012940672459080815,0.0010347426868975163,0.0002593245590105653
2025-05-15 05:15:00,2025-05-28 11:30:00,2025-05-28 11:45:00,2025-06-02 08:15:00,2025-06-02 08:30:00,0.0012914575636386871,0.0010732249356806278,0.0002182326279580593
2025-05-15 05:30:00,2025-05-28 11:45:00,2025-05-28 12:00:00,2025-06-02 08:30:00,2025-06-02 08:45:00,0.001306207966990769,0.0010722759179770947,0.00023393204901367426
2025-05-15 05:45:00,2025-05-28 12:00:00,2025-05-28 12:15:00,2025-06-02 08:45:00,2025-06-02 09:00:00,0.001352034043520689,0.0010786302154883742,0.0002734038280323148
2025-05-15 06:00:00,2025-05-28 12:15:00,2025-05-28 12:30:00,2025-06-02 09:00:00,2025-06-02 09:15:00,0.0013494215672835708,0.001082112081348896,0.00026730948593467474
2025-05-15 06:15:00,2025-05-28 12:30:00,2025-05-28 12:45:00,2025-06-02 09:15:00,2025-06-02 09:30:00,0.0013639027019962668,0.0011940078111365438,0.0001698948908597231
2025-05-15 06:30:00,2025-05-28 12:45:00,2025-05-28 13:00:00,2025-06-02 09:30:00,2025-06-02 09:45:00,0.001378744374960661,0.0014458552468568087,6.711087189614773e-05
2025-05-15 06:45:00,2025-05-28 13:00:00,2025-05-28 13:15:00,2025-06-02 09:45:00,2025-06-02 10:00:00,0.00144518306478858,0.0014454094925895333,2.2642780095338821e-07
2025-05-15 07:00:00,2025-05-28 13:15:00,2025-05-28 13:30:00,2025-06-02 10:00:00,2025-06-02 10:15:00,0.0016201233956962824,0.0015199477784335613,0.00010017561726272106
2025-05-15 07:15:00,2025-05-28 13:30:00,2025-05-28 13:45:00,2025-06-02 10:15:00,2025-06-02 10:30:00,0.001779044046998024,0.0012964961351826787,0.0004825479118153453
2025-05-15 07:30:00,2025-05-28 13:45:00,2025-05-28 14:00:00,2025-06-02 10:30:00,2025-06-02 10:45:00,0.0019172191387042403,0.0013163674157112837,0.0006008517229929566
2025-05-15 07:45:00,2025-05-28 14:00:00,2025-05-28 14:15:00,2025-06-02 10:45:00,2025-06-02 11:00:00,0.0019033239223062992,0.001301553682424128,0.0006017702398821712
2025-05-15 08:00:00,2025-05-28 14:15:00,2025-05-28 14:30:00,2025-06-02 11:00:00,2025-06-02 11:15:00,0.001819720258936286,0.0013299636775627732,0.0004897565813735127
2025-05-15 08:15:00,2025-05-28 14:30:00,2025-05-28 14:45:00,2025-06-02 11:15:00,2025-06-02 11:30:00,0.0017833627061918378,0.0013104996178299189,0.0004728630883619189
2025-05-15 08:30:00,2025-05-28 14:45:00,2025-05-28 15:00:00,2025-06-02 11:30:00,2025-06-02 11:45:00,0.0017304864013567567,0.0013282430591061711,0.00040224334225058556
2025-05-15 08:45:00,2025-05-28 15:00:00,2025-05-28 15:15:00,2025-06-02 11:45:00,2025-06-02 12:00:00,0.0017098111566156149,0.001312820939347148,0.00039699021726846695
2025-05-15 09:00:00,2025-05-28 15:15:00,2025-05-28 15:30:00,2025-06-02 12:00:00,2025-06-02 12:15:00,0.0017028088914230466,0.001316516543738544,0.0003862923476845026
2025-05-15 09:15:00,2025-05-28 15:30:00,2025-05-28 15:45:00,2025-06-02 12:15:00,2025-06-02 12:30:00,0.0017037623329088092,0.001315505476668477,0.0003882568562403321
2025-05-15 09:30:00,2025-05-28 15:45:00,2025-05-28 16:00:00,2025-06-02 12:30:00,2025-06-02 12:45:00,0.0016786843771114945,0.0013343393802642822,0.0003443449968472123
2025-05-15 09:45:00,2025-05-28 16:00:00,2025-05-28 16:15:00,2025-06-02 12:45:00,2025-06-02 13:00:00,0.0016798801952973008,0.0013340023579075933,0.00034587783738970757
2025-05-15 10:00:00,2025-05-28 16:15:00,2025-05-28 16:30:00,2025-06-02 13:00:00,2025-06-02 13:15:00,0.001700201304629445,0.0013386461650952697,0.0003615551395341754
2025-05-15 10:15:00,2025-05-28 16:30:00,2025-05-28 16:45:00,2025-06-02 13:15:00,2025-06-02 13:30:00,0.001703667570836842,0.001330636558122933,0.00037303101271390915
2025-05-15 10:30:00,2025-05-28 16:45:00,2025-05-28 17:00:00,2025-06-02 13:30:00,2025-06-02 13:45:00,0.0017354534938931465,0.0013303040759637952,0.00040514941792935133
2025-05-15 10:45:00,2025-05-28 17:00:00,2025-05-28 17:15:00,2025-06-02 13:45:00,2025-06-02 14:00:00,0.001731722615659237,0.0013311783550307155,0.00040054426062852144
2025-05-15 11:00:00,2025-05-28 17:15:00,2025-05-28 17:30:00,2025-06-02 14:00:00,2025-06-02 14:15:00,0.0017230911180377007,0.0013725251192227006,0.00035056599881500006
2025-05-15 11:15:00,2025-05-28 17:30:00,2025-05-28 17:45:00,2025-06-02 14:15:00,2025-06-02 14:30:00,0.001708867261186242,0.001364637748338282,0.00034422951284796
2025-05-15 11:30:00,2025-05-28 17:45:00,2025-05-28 18:00:00,2025-06-02 14:30:00,2025-06-02 14:45:00,0.0017375644529238343,0.001342587056569755,0.00039497739635407925
2025-05-15 11:45:00,2025-05-28 18:00:00,2025-05-28 18:15:00,2025-06-02 14:45:00,2025-06-02 15:00:00,0.001723528141155839,0.0013233291683718562,0.00040019897278398275
2025-05-15 12:00:00,2025-05-28 18:15:00,2025-05-28 18:30:00,2025-06-02 15:00:00,2025-06-02 15:15:00,0.0017492743209004402,0.0013251566560938954,0.0004241176648065448
2025-05-15 12:15:00,2025-05-28 18:30:00,2025-05-28 18:45:00,2025-06-02 15:15:00,2025-06-02 15:30:00,0.0017200964502990246,0.0013275411911308765,0.00039255525916814804
2025-05-15 12:30:00,2025-05-28 18:45:00,2025-05-28 19:00:00,2025-06-02 15:30:00,2025-06-02 15:45:00,0.0016909593250602484,0.0013383582700043917,0.0003526010550558567
2025-05-15 12:45:00,2025-05-28 19:00:00,2025-05-28 19:15:00,2025-06-02 15:45:00,2025-06-02 16:00:00,0.001947905169799924,0.0012624544324353337,0.0006854507373645902
2025-05-15 13:00:00,2025-05-28 19:15:00,2025-05-28 19:30:00,2025-06-02 16:00:00,2025-06-02 16:15:00,0.0019460405455902219,0.0008996136020869017,0.0010464269435033202
2025-05-15 13:15:00,2025-05-28 19:30:00,2025-05-28 19:45:00,2025-06-02 16:15:00,2025-06-02 16:30:00,0.0019038112368434668,0.0009103402262553573,0.0009934710105881095
2025-05-15 13:30:00,2025-05-28 19:45:00,2025-05-28 20:00:00,2025-06-02 16:30:00,2025-06-02 16:45:00,0.0014811562141403556,0.0007690515485592186,0.0007121046655811369
2025-05-15 13:45:00,2025-05-28 20:00:00,2025-05-29 04:00:00,2025-06-02 16:45:00,2025-06-02 17:00:00,0.0015347705921158195,0.0007666291785426438,0.0007681414135731757
2025-05-15 14:00:00,2025-05-29 04:00:00,2025-05-29 04:15:00,2025-06-02 17:00:00,2025-06-02 17:15:00,0.001621551113203168,0.0007392956758849323,0.0008822554373182356
2025-05-15 14:15:00,2025-05-29 04:15:00,2025-05-29 04:30:00,2025-06-02 17:15:00,2025-06-02 17:30:00,0.0014439979568123817,0.000736197573132813,0.0007078003836795688
2025-05-15 14:30:00,2025-05-29 04:30:00,2025-05-29 04:45:00,2025-06-02 17:30:00,2025-06-02 17:45:00,0.0009318952797912061,0.0006781871779821813,0.0002537081018090248
2025-05-15 14:45:00,2025-05-29 04:45:00,2025-05-29 05:00:00,2025-06-02 17:45:00,2025-06-02 18:00:00,0.0008886572904884815,0.0007072354783304036,0.00018142181215807796
2025-05-15 15:00:00,2025-05-29 05:00:00,2025-05-29 05:15:00,2025-06-02 18:00:00,2025-06-02 18:15:00,0.0008482174598611891,0.0006770261097699404,0.00017119135009124875
2025-05-15 15:15:00,2025-05-29 05:15:00,2025-05-29 05:30:00,2025-06-02 18:15:00,2025-06-02 18:30:00,0.0008533988147974014,0.0006718088989146054,0.00018158991588279605
2025-05-15 15:30:00,2025-05-29 05:30:00,2025-05-29 05:45:00,2025-06-02 18:30:00,2025-06-02 18:45:00,0.0008433815091848373,0.0006653073360212147,0.00017807417316362262
2025-05-15 15:45:00,2025-05-29 05:45:00,2025-05-29 06:00:00,2025-06-02 18:45:00,2025-06-02 19:00:00,0.0008344223024323583,0.0006537815206684172,0.00018064078176394105
2025-05-15 16:00:00,2025-05-29 06:00:00,2025-05-29 06:15:00,2025-06-02 19:00:00,2025-06-02 19:15:00,0.0008329504053108394,0.0006120530888438225,0.00022089731646701694
2025-05-15 16:15:00,2025-05-29 06:15:00,2025-05-29 06:30:00,2025-06-02 19:15:00,2025-06-02 19:30:00,0.0008498989045619965,0.0006595476297661662,0.00019035127479583025
2025-05-15 16:30:00,2025-05-29 06:30:00,2025-05-29 06:45:00,2025-06-02 19:30:00,2025-06-02 19:45:00,0.0008036296931095421,0.0006799809634685516,0.0001236487296409905
2025-05-15 16:45:00,2025-05-29 06:45:00,2025-05-29 07:00:00,2025-06-02 19:45:00,2025-06-02 20:00:00,0.0008260388858616352,0.0007773927645757794,4.864612128585577e-05
2025-05-15 17:00:00,2025-05-29 07:00:00,2025-05-29 07:15:00,2025-06-02 20:00:00,2025-06-03 04:00:00,0.0008608018979430199,0.0013424400240182877,0.0004816381260752678
2025-05-15 17:15:00,2025-05-29 07:15:00,2025-05-29 07:30:00,2025-06-03 04:00:00,2025-06-03 04:15:00,0.0009001287980936468,0.001338241738267243,0.00043811294017359614
2025-05-15 17:30:00,2025-05-29 07:30:00,2025-05-29 07:45:00,2025-06-03 04:15:00,2025-06-03 04:30:00,0.001231561996974051,0.001282624900341034,5.106290336698294e-05
2025-05-15 17:45:00,2025-05-29 07:45:00,2025-05-29 08:00:00,2025-06-03 04:30:00,2025-06-03 04:45:00,0.0014989932533353567,0.0012839814880862832,0.0002150117652490735
2025-05-15 18:00:00,2025-05-29 08:00:00,2025-05-29 08:15:00,2025-06-03 04:45:00,2025-06-03 05:00:00,0.0016824869671836495,0.0012820921838283539,0.00040039478335529566
2025-05-15 18:15:00,2025-05-29 08:15:00,2025-05-29 08:30:00,2025-06-03 05:00:00,2025-06-03 05:15:00,0.0017834126483649015,0.001282769488170743,0.0005006431601941586
2025-05-15 18:30:00,2025-05-29 08:30:00,2025-05-29 08:45:00,2025-06-03 05:15:00,2025-06-03 05:30:00,0.0018225243547931314,0.0012763941194862127,0.0005461302353069186
2025-05-15 18:45:00,2025-05-29 08:45:00,2025-05-29 09:00:00,2025-06-03 05:30:00,2025-06-03 05:45:00,0.0018198781181126833,0.001270786509849131,0.0005490916082635522
2025-05-15 19:00:00,2025-05-29 09:00:00,2025-05-29 09:15:00,2025-06-03 05:45:00,2025-06-03 06:00:00,0.0017931904876604676,0.0012445806059986353,0.0005486098816618323
2025-05-15 19:15:00,2025-05-29 09:15:00,2025-05-29 09:30:00,2025-06-03 06:00:00,2025-06-03 06:15:00,0.001760518061928451,0.0012406158493831754,0.0005199022125452757
2025-05-15 19:30:00,2025-05-29 09:30:00,2025-05-29 09:45:00,2025-06-03 06:15:00,2025-06-03 06:30:00,0.001718529500067234,0.0012432223884388804,0.0004753071116283536
2025-05-15 19:45:00,2025-05-29 09:45:00,2025-05-29 10:00:00,2025-06-03 06:30:00,2025-06-03 06:45:00,0.0016813684487715364,0.0012542600743472576,0.00042710837442427874
2025-05-15 20:00:00,2025-05-29 10:00:00,2025-05-29 10:15:00,2025-06-03 06:45:00,2025-06-03 07:00:00,0.0016581832896918058,0.0012572880368679762,0.00040089525282382965
2025-05-16 04:00:00,2025-05-29 10:15:00,2025-05-29 10:30:00,2025-06-03 07:00:00,2025-06-03 07:15:00,0.0016595398774370551,0.0012601332273334265,0.00039940665010362864
2025-05-16 04:15:00,2025-05-29 10:30:00,2025-05-29 10:45:00,2025-06-03 07:15:00,2025-06-03 07:30:00,0.001652168808504939,0.001263520447537303,0.0003886483609676361
2025-05-16 04:30:00,2025-05-29 10:45:00,2025-05-29 11:00:00,2025-06-03 07:30:00,2025-06-03 07:45:00,0.0016580551164224744,0.0012633289443328977,0.0003947261720895767
2025-05-16 04:45:00,2025-05-29 11:00:00,2025-05-29 11:15:00,2025-06-03 07:45:00,2025-06-03 08:00:00,0.0016484393272548914,0.0012636302271857858,0.0003848091000691056
2025-05-16 05:00:00,2025-05-29 11:15:00,2025-05-29 11:30:00,2025-06-03 08:00:00,2025-06-03 08:15:00,0.0016475034644827247,0.0012595931766554713,0.00038791028782725334
2025-05-16 05:15:00,2025-05-29 11:30:00,2025-05-29 11:45:00,2025-06-03 08:15:00,2025-06-03 08:30:00,0.0016745238099247217,0.0012789348838850856,0.00039558892603963614
2025-05-16 05:30:00,2025-05-29 11:45:00,2025-05-29 12:00:00,2025-06-03 08:30:00,2025-06-03 08:45:00,0.0018884767778217793,0.0012859731214120984,0.0006025036564096808
2025-05-16 05:45:00,2025-05-29 12:00:00,2025-05-29 12:15:00,2025-06-03 08:45:00,2025-06-03 09:00:00,0.0018849325133487582,0.0012856110697612166,0.0005993214435875416
2025-05-16 06:00:00,2025-05-29 12:15:00,2025-05-29 12:30:00,2025-06-03 09:00:00,2025-06-03 09:15:00,0.0018964508781209588,0.0012877194676548243,0.0006087314104661345
2025-05-16 06:15:00,2025-05-29 12:30:00,2025-05-29 12:45:00,2025-06-03 09:15:00,2025-06-03 09:30:00,0.0018978993175551295,0.0013034743024036288,0.0005944250151515007
2025-05-16 06:30:00,2025-05-29 12:45:00,2025-05-29 13:00:00,2025-06-03 09:30:00,2025-06-03 09:45:00,0.0018837496172636747,0.001304317731410265,0.0005794318858534098
2025-05-16 06:45:00,2025-05-29 13:00:00,2025-05-29 13:15:00,2025-06-03 09:45:00,2025-06-03 10:00:00,0.0017094636568799615,0.001303983386605978,0.0004054802702739835
2025-05-16 07:00:00,2025-05-29 13:15:00,2025-05-29 13:30:00,2025-06-03 10:00:00,2025-06-03 10:15:00,0.001714218407869339,0.0012789996108040214,0.00043521879706531763
2025-05-16 07:15:00,2025-05-29 13:30:00,2025-05-29 13:45:00,2025-06-03 10:15:00,2025-06-03 10:30:00,0.0017149305203929543,0.0006369040347635746,0.0010780264856293797
2025-05-16 07:30:00,2025-05-29 13:45:00,2025-05-29 14:00:00,2025-06-03 10:30:00,2025-06-03 10:45:00,0.0017271556425839663,0.0006499937735497952,0.001077161869034171
2025-05-16 07:45:00,2025-05-29 14:00:00,2025-05-29 14:15:00,2025-06-03 10:45:00,2025-06-03 11:00:00,0.0013917876640334725,0.0006409270572476089,0.0007508606067858636
2025-05-16 08:00:00,2025-05-29 14:15:00,2025-05-29 14:30:00,2025-06-03 11:00:00,2025-06-03 11:15:00,0.0010876813903450966,0.0006423120503313839,0.00044536934001371264
2025-05-16 08:15:00,2025-05-29 14:30:00,2025-05-29 14:45:00,2025-06-03 11:15:00,2025-06-03 11:30:00,0.0008872598991729319,0.0006441884906962514,0.00024307140847668052
2025-05-16 08:30:00,2025-05-29 14:45:00,2025-05-29 15:00:00,2025-06-03 11:30:00,2025-06-03 11:45:00,0.0007815260323695838,0.000630898226518184,0.0001506278058513999
2025-05-16 08:45:00,2025-05-29 15:00:00,2025-05-29 15:15:00,2025-06-03 11:45:00,2025-06-03 12:00:00,0.0007164959679357708,0.000628730864264071,8.776510367169976e-05
2025-05-16 09:00:00,2025-05-29 15:15:00,2025-05-29 15:30:00,2025-06-03 12:00:00,2025-06-03 12:15:00,0.000693068839609623,0.000617076875641942,7.599196396768093e-05
2025-05-16 09:15:00,2025-05-29 15:30:00,2025-05-29 15:45:00,2025-06-03 12:15:00,2025-06-03 12:30:00,0.0007082883967086673,0.0006000109133310616,0.00010827748337760568
2025-05-16 09:30:00,2025-05-29 15:45:00,2025-05-29 16:00:00,2025-06-03 12:30:00,2025-06-03 12:45:00,0.0007097802008502185,0.0006017062696628273,0.00010807393118739128
2025-05-16 09:45:00,2025-05-29 16:00:00,2025-05-29 16:15:00,2025-06-03 12:45:00,2025-06-03 13:00:00,0.0007136646308936179,0.0006019791471771896,0.00011168548371642828
2025-05-16 10:00:00,2025-05-29 16:15:00,2025-05-29 16:30:00,2025-06-03 13:00:00,2025-06-03 13:15:00,0.0007279139244928956,0.000605085282586515,0.00012282864190638065
2025-05-16 10:15:00,2025-05-29 16:30:00,2025-05-29 16:45:00,2025-06-03 13:15:00,2025-06-03 13:30:00,0.0007185672875493765,0.0006124934880062938,0.00010607379954308271
2025-05-16 10:30:00,2025-05-29 16:45:00,2025-05-29 17:00:00,2025-06-03 13:30:00,2025-06-03 13:45:00,0.0007386194774881005,0.0006633487646467984,7.527071284130216e-05
2025-05-16 10:45:00,2025-05-29 17:00:00,2025-05-29 17:15:00,2025-06-03 13:45:00,2025-06-03 14:00:00,0.0007526529370807111,0.0007543872343376279,1.7342972569167614e-06
2025-05-16 11:00:00,2025-05-29 17:15:00,2025-05-29 17:30:00,2025-06-03 14:00:00,2025-06-03 14:15:00,0.0007858872995711863,0.0008019126253202558,1.6025325749069452e-05
2025-05-16 11:15:00,2025-05-29 17:30:00,2025-05-29 17:45:00,2025-06-03 14:15:00,2025-06-03 14:30:00,0.0008557206019759178,0.0008013523765839636,5.4368225391954184e-05
2025-05-16 11:30:00,2025-05-29 17:45:00,2025-05-29 18:00:00,2025-06-03 14:30:00,2025-06-03 14:45:00,0.0009434372768737376,0.0008000691304914653,0.00014336814638227224
2025-05-16 11:45:00,2025-05-29 18:00:00,2025-05-29 18:15:00,2025-06-03 14:45:00,2025-06-03 15:00:00,0.000992592191323638,0.0007615993963554502,0.0002309927949681878
2025-05-16 12:00:00,2025-05-29 18:15:00,2025-05-29 18:30:00,2025-06-03 15:00:00,2025-06-03 15:15:00,0.001026282669045031,0.0007578792865388095,0.00026840338250622153
2025-05-16 12:15:00,2025-05-29 18:30:00,2025-05-29 18:45:00,2025-06-03 15:15:00,2025-06-03 15:30:00,0.0008753563743084669,0.0007738329004496336,0.00010152347385883331
2025-05-16 12:30:00,2025-05-29 18:45:00,2025-05-29 19:00:00,2025-06-03 15:30:00,2025-06-03 15:45:00,0.0007526774425059557,0.0007734699756838381,2.0792533177882433e-05
2025-05-16 12:45:00,2025-05-29 19:00:00,2025-05-29 19:15:00,2025-06-03 15:45:00,2025-06-03 16:00:00,0.0007560888188891113,0.0007632129127159715,7.1240938268601894e-06
2025-05-16 13:00:00,2025-05-29 19:15:00,2025-05-29 19:30:00,2025-06-03 16:00:00,2025-06-03 16:15:00,0.0007622255943715572,0.0007218637620098889,4.036183236166835e-05
2025-05-16 13:15:00,2025-05-29 19:30:00,2025-05-29 19:45:00,2025-06-03 16:15:00,2025-06-03 16:30:00,0.0007538530044257641,0.0007180938846431673,3.5759119782596827e-05
2025-05-16 13:30:00,2025-05-29 19:45:00,2025-05-29 20:00:00,2025-06-03 16:30:00,2025-06-03 16:45:00,0.0009971668478101492,0.0006670872098766267,0.00033007963793352246
2025-05-16 13:45:00,2025-05-29 20:00:00,2025-05-30 04:00:00,2025-06-03 16:45:00,2025-06-03 17:00:00,0.0009865453466773033,0.0006606365204788744,0.00032590882619842887
2025-05-16 14:00:00,2025-05-30 04:00:00,2025-05-30 04:15:00,2025-06-03 17:00:00,2025-06-03 17:15:00,0.0009265519911423326,0.0006319278036244214,0.0002946241875179112
2025-05-16 14:15:00,2025-05-30 04:15:00,2025-05-30 04:30:00,2025-06-03 17:15:00,2025-06-03 17:30:00,0.0009346051956526935,0.0006282213726080954,0.0003063838230445981
2025-05-16 14:30:00,2025-05-30 04:30:00,2025-05-30 04:45:00,2025-06-03 17:30:00,2025-06-03 17:45:00,0.0006385816377587616,0.0006217521731741726,1.6829464584589005e-05
2025-05-16 14:45:00,2025-05-30 04:45:00,2025-05-30 05:00:00,2025-06-03 17:45:00,2025-06-03 18:00:00,0.0006370884948410094,0.0006156319286674261,2.145656617358327e-05
2025-05-16 15:00:00,2025-05-30 05:00:00,2025-05-30 05:15:00,2025-06-03 18:00:00,2025-06-03 18:15:00,0.0006158496835269034,0.0006110572721809149,4.792411345988512e-06
2025-05-16 15:15:00,2025-05-30 05:15:00,2025-05-30 05:30:00,2025-06-03 18:15:00,2025-06-03 18:30:00,0.0005849453737027943,0.0006117058801464736,2.6760506443679333e-05
2025-05-16 15:30:00,2025-05-30 05:30:00,2025-05-30 05:45:00,2025-06-03 18:30:00,2025-06-03 18:45:00,0.0005876207142136991,0.0006032189121469855,1.559819793328643e-05
2025-05-16 15:45:00,2025-05-30 05:45:00,2025-05-30 06:00:00,2025-06-03 18:45:00,2025-06-03 19:00:00,0.0008189109503291547,0.0005922939744777977,0.00022661697585135698
2025-05-16 16:00:00,2025-05-30 06:00:00,2025-05-30 06:15:00,2025-06-03 19:00:00,2025-06-03 19:15:00,0.0005931882187724113,0.0005924336728639901,7.54545908421278e-07
2025-05-16 16:15:00,2025-05-30 06:15:00,2025-05-30 06:30:00,2025-06-03 19:15:00,2025-06-03 19:30:00,0.0005639776354655623,0.0005889942985959351,2.5016663130372763e-05
2025-05-16 16:30:00,2025-05-30 06:30:00,2025-05-30 06:45:00,2025-06-03 19:30:00,2025-06-03 19:45:00,0.000572148070205003,0.0005890826578252017,1.6934587620198727e-05
2025-05-16 16:45:00,2025-05-30 06:45:00,2025-05-30 07:00:00,2025-06-03 19:45:00,2025-06-03 20:00:00,0.0005651230458170176,0.0005931080086156726,2.7984962798655033e-05
2025-05-16 17:00:00,2025-05-30 07:00:00,2025-05-30 07:15:00,2025-06-03 20:00:00,2025-06-04 04:00:00,0.0008283633505925536,0.0007439819746650755,8.438137592747808e-05
2025-05-16 17:15:00,2025-05-30 07:15:00,2025-05-30 07:30:00,2025-06-04 04:00:00,2025-06-04 04:15:00,0.0005911067128181458,0.0006827623583376408,9.165564551949501e-05
2025-05-16 17:30:00,2025-05-30 07:30:00,2025-05-30 07:45:00,2025-06-04 04:15:00,2025-06-04 04:30:00,0.0006202883087098598,0.0006125573418103158,7.730966899544e-06
2025-05-16 17:45:00,2025-05-30 07:45:00,2025-05-30 08:00:00,2025-06-04 04:30:00,2025-06-04 04:45:00,0.000856917118653655,0.0006307724979706109,0.0002261446206830442
2025-05-16 18:00:00,2025-05-30 08:00:00,2025-05-30 08:15:00,2025-06-04 04:45:00,2025-06-04 05:00:00,0.0008987977635115385,0.0006377082318067551,0.00026108953170478344
2025-05-16 18:15:00,2025-05-30 08:15:00,2025-05-30 08:30:00,2025-06-04 05:00:00,2025-06-04 05:15:00,0.0009068243089132011,0.0006287707365117967,0.0002780535724014044
2025-05-16 18:30:00,2025-05-30 08:30:00,2025-05-30 08:45:00,2025-06-04 05:15:00,2025-06-04 05:30:00,0.0008926111040636897,0.0006268833531066775,0.0002657277509570122
2025-05-16 18:45:00,2025-05-30 08:45:00,2025-05-30 09:00:00,2025-06-04 05:30:00,2025-06-04 05:45:00,0.0008957564132288098,0.0006201829528436065,0.00027557346038520336
2025-05-16 19:00:00,2025-05-30 09:00:00,2025-05-30 09:15:00,2025-06-04 05:45:00,2025-06-04 06:00:00,0.0008884760900400579,0.0006206401740200818,0.00026783591601997614
2025-05-16 19:15:00,2025-05-30 09:15:00,2025-05-30 09:30:00,2025-06-04 06:00:00,2025-06-04 06:15:00,0.0008600891451351345,0.0006174426525831223,0.0002426464925520122
2025-05-16 19:30:00,2025-05-30 09:30:00,2025-05-30 09:45:00,2025-06-04 06:15:00,2025-06-04 06:30:00,0.0006216146284714341,0.000615313183516264,6.3014449551701546e-06
2025-05-16 19:45:00,2025-05-30 09:45:00,2025-05-30 10:00:00,2025-06-04 06:30:00,2025-06-04 06:45:00,0.0008751262212172151,0.0006025603506714106,0.0002725658705458045
2025-05-16 20:00:00,2025-05-30 10:00:00,2025-05-30 10:15:00,2025-06-04 06:45:00,2025-06-04 07:00:00,0.0008656857535243034,0.0006033979589119554,0.0002622877946123481
2025-05-19 04:00:00,2025-05-30 10:15:00,2025-05-30 10:30:00,2025-06-04 07:00:00,2025-06-04 07:15:00,0.0008288178942166269,0.0006105527863837779,0.00021826510783284903
2025-05-19 04:15:00,2025-05-30 10:30:00,2025-05-30 10:45:00,2025-06-04 07:15:00,2025-06-04 07:30:00,0.0008353425655514002,0.0006120303296484053,0.00022331223590299487
2025-05-19 04:30:00,2025-05-30 10:45:00,2025-05-30 11:00:00,2025-06-04 07:30:00,2025-06-04 07:45:00,0.0006151696434244514,0.000610993942245841,4.175701178610325e-06
2025-05-19 04:45:00,2025-05-30 11:00:00,2025-05-30 11:15:00,2025-06-04 07:45:00,2025-06-04 08:00:00,0.0005965628661215305,0.0006122621707618237,1.569930464029312e-05
2025-05-19 05:00:00,2025-05-30 11:15:00,2025-05-30 11:30:00,2025-06-04 08:00:00,2025-06-04 08:15:00,0.0008417732315137982,0.0008257902809418738,1.5982950571924448e-05
2025-05-19 05:15:00,2025-05-30 11:30:00,2025-05-30 11:45:00,2025-06-04 08:15:00,2025-06-04 08:30:00,0.0008393768803216517,0.0008219869341701269,1.7389946151524782e-05
2025-05-19 05:30:00,2025-05-30 11:45:00,2025-05-30 12:00:00,2025-06-04 08:30:00,2025-06-04 08:45:00,0.0009063737816177309,0.0008396051707677543,6.676861084997654e-05
2025-05-19 05:45:00,2025-05-30 12:00:00,2025-05-30 12:15:00,2025-06-04 08:45:00,2025-06-04 09:00:00,0.0009399036061950028,0.0008402584353461862,9.964517084881663e-05
2025-05-19 06:00:00,2025-05-30 12:15:00,2025-05-30 12:30:00,2025-06-04 09:00:00,2025-06-04 09:15:00,0.001006701379083097,0.000855803198646754,0.00015089818043634295
2025-05-19 06:15:00,2025-05-30 12:30:00,2025-05-30 12:45:00,2025-06-04 09:15:00,2025-06-04 09:30:00,0.0010277589317411184,0.0008701829938217998,0.00015757593791931868
2025-05-19 06:30:00,2025-05-30 12:45:00,2025-05-30 13:00:00,2025-06-04 09:30:00,2025-06-04 09:45:00,0.0010531621519476175,0.0008655386627651751,0.00018762348918244243
2025-05-19 06:45:00,2025-05-30 13:00:00,2025-05-30 13:15:00,2025-06-04 09:45:00,2025-06-04 10:00:00,0.0010608866577968001,0.0009049361106008291,0.000155950547195971
2025-05-19 07:00:00,2025-05-30 13:15:00,2025-05-30 13:30:00,2025-06-04 10:00:00,2025-06-04 10:15:00,0.0010787838837131858,0.0009336126386187971,0.00014517124509438872
2025-05-19 07:15:00,2025-05-30 13:30:00,2025-05-30 13:45:00,2025-06-04 10:15:00,2025-06-04 10:30:00,0.0008476212387904525,0.0008207061910070479,2.691504778340459e-05
2025-05-19 07:30:00,2025-05-30 13:45:00,2025-05-30 14:00:00,2025-06-04 10:30:00,2025-06-04 10:45:00,0.0011015330674126744,0.000830924604088068,0.0002706084633246064
2025-05-19 07:45:00,2025-05-30 14:00:00,2025-05-30 14:15:00,2025-06-04 10:45:00,2025-06-04 11:00:00,0.0010952872689813375,0.0008302634232677519,0.0002650238457135856
2025-05-19 08:00:00,2025-05-30 14:15:00,2025-05-30 14:30:00,2025-06-04 11:00:00,2025-06-04 11:15:00,0.0010890787234529853,0.0008363359374925494,0.00025274278596043587
2025-05-19 08:15:00,2025-05-30 14:30:00,2025-05-30 14:45:00,2025-06-04 11:15:00,2025-06-04 11:30:00,0.0008076311205513775,0.0008398304344154894,3.21993138641119e-05
2025-05-19 08:30:00,2025-05-30 14:45:00,2025-05-30 15:00:00,2025-06-04 11:30:00,2025-06-04 11:45:00,0.00104588083922863,0.0008442968246527016,0.00020158401457592845
2025-05-19 08:45:00,2025-05-30 15:00:00,2025-05-30 15:15:00,2025-06-04 11:45:00,2025-06-04 12:00:00,0.0008051941404119134,0.0009027262567542493,9.753211634233594e-05
2025-05-19 09:00:00,2025-05-30 15:15:00,2025-05-30 15:30:00,2025-06-04 12:00:00,2025-06-04 12:15:00,0.0010255618253722787,0.0009022156009450555,0.0001233462244272232
2025-05-19 09:15:00,2025-05-30 15:30:00,2025-05-30 15:45:00,2025-06-04 12:15:00,2025-06-04 12:30:00,0.0010693541262298822,0.0009208318078890443,0.00014852231834083796
2025-05-19 09:30:00,2025-05-30 15:45:00,2025-05-30 16:00:00,2025-06-04 12:30:00,2025-06-04 12:45:00,0.0008347564726136625,0.0009220928186550736,8.733634604141116e-05
2025-05-19 09:45:00,2025-05-30 16:00:00,2025-05-30 16:15:00,2025-06-04 12:45:00,2025-06-04 13:00:00,0.0010856717126443982,0.0009362613782286644,0.00014941033441573381
2025-05-19 10:00:00,2025-05-30 16:15:00,2025-05-30 16:30:00,2025-06-04 13:00:00,2025-06-04 13:15:00,0.0008400092483498156,0.0009303671540692449,9.035790571942925e-05
2025-05-19 10:15:00,2025-05-30 16:30:00,2025-05-30 16:45:00,2025-06-04 13:15:00,2025-06-04 13:30:00,0.0011123272124677896,0.000928320165257901,0.0001840070472098887
2025-05-19 10:30:00,2025-05-30 16:45:00,2025-05-30 17:00:00,2025-06-04 13:30:00,2025-06-04 13:45:00,0.0008797906921245158,0.0009267999557778239,4.700926365330815e-05
2025-05-19 10:45:00,2025-05-30 17:00:00,2025-05-30 17:15:00,2025-06-04 13:45:00,2025-06-04 14:00:00,0.0008652019896544516,0.0009228817652910948,5.767977563664317e-05
2025-05-19 11:00:00,2025-05-30 17:15:00,2025-05-30 17:30:00,2025-06-04 14:00:00,2025-06-04 14:15:00,0.0011265064822509885,0.0009231758303940296,0.00020333065185695887
2025-05-19 11:15:00,2025-05-30 17:30:00,2025-05-30 17:45:00,2025-06-04 14:15:00,2025-06-04 14:30:00,0.000858885352499783,0.0009224151144735515,6.352976197376847e-05
2025-05-19 11:30:00,2025-05-30 17:45:00,2025-05-30 18:00:00,2025-06-04 14:30:00,2025-06-04 14:45:00,0.0011326532112434506,0.0007512146839872003,0.0003814385272562504
