timestamp,open,high,low,close,volume
2025-06-06 20:00:00,50.8100,50.8100,50.8100,50.8100,5601
2025-06-06 19:45:00,50.7800,50.8800,50.7800,50.8800,1161
2025-06-06 19:30:00,50.7700,50.7900,50.7700,50.7700,948
2025-06-06 19:15:00,50.8300,50.8800,50.8000,50.8000,565
2025-06-06 19:00:00,50.9900,50.9900,50.8400,50.8500,962
2025-06-06 18:45:00,50.9100,50.9878,50.9000,50.9692,563
2025-06-06 18:30:00,50.8100,50.9900,50.8100,50.9900,6163
2025-06-06 18:15:00,51.1000,51.1000,50.8100,50.9000,883
2025-06-06 18:00:00,50.9200,51.2000,50.9100,51.1000,15864
2025-06-06 17:45:00,50.9100,50.9100,50.8000,50.9100,281
2025-06-06 17:30:00,50.9126,50.9755,50.9000,50.9100,2723
2025-06-06 17:15:00,50.9000,50.9200,50.8900,50.8900,434
2025-06-06 17:00:00,50.9400,50.9700,50.8800,50.8900,2875
2025-06-06 16:45:00,50.9100,50.9500,50.8800,50.9400,4560
2025-06-06 16:30:00,50.9100,50.9500,50.8700,50.8900,1611
2025-06-06 16:15:00,50.9602,50.9602,50.8700,50.9000,404944
2025-06-06 16:00:00,50.8400,51.2400,50.6900,50.8800,19882
2025-06-06 15:45:00,50.8300,50.9000,50.6550,50.8500,322183
2025-06-06 15:30:00,51.0700,51.0700,50.8300,50.8400,154072
2025-06-06 15:15:00,50.9987,51.0600,50.9210,51.0600,61401
2025-06-06 15:00:00,50.9100,51.0000,50.8350,51.0000,57355
2025-06-06 14:45:00,50.9300,50.9700,50.8410,50.9100,42019
2025-06-06 14:30:00,50.8800,50.9200,50.7700,50.9000,75287
2025-06-06 14:15:00,50.7700,50.9400,50.7300,50.9000,77256
2025-06-06 14:00:00,50.8600,50.8600,50.7200,50.7800,119319
2025-06-06 13:45:00,50.8200,50.9500,50.8175,50.8700,63907
2025-06-06 13:30:00,51.0500,51.0500,50.8250,50.8300,121630
2025-06-06 13:15:00,51.2000,51.2300,50.9900,51.0500,27614
2025-06-06 13:00:00,51.2800,51.4000,51.1900,51.1950,42179
2025-06-06 12:45:00,51.2100,51.5050,51.1300,51.2800,72528
2025-06-06 12:30:00,51.0300,51.2900,50.9350,51.2400,122752
2025-06-06 12:15:00,50.9200,51.1200,50.9033,51.0450,67479
2025-06-06 12:00:00,50.9800,50.9900,50.8500,50.9200,74064
2025-06-06 11:45:00,51.1400,51.1700,50.9550,50.9800,145898
2025-06-06 11:30:00,51.4100,51.4700,51.1201,51.1400,139939
2025-06-06 11:15:00,51.2750,51.7500,51.2750,51.4000,217267
2025-06-06 11:00:00,51.3500,51.3550,51.2200,51.2800,127213
2025-06-06 10:45:00,51.3450,51.4100,51.2800,51.3600,57588
2025-06-06 10:30:00,51.4850,51.6100,51.2600,51.3409,127205
2025-06-06 10:15:00,51.3541,51.5500,51.3000,51.4900,167993
2025-06-06 10:00:00,51.1450,51.4800,51.1292,51.3650,161193
2025-06-06 09:45:00,51.3200,51.4200,51.1400,51.1600,230064
2025-06-06 09:30:00,51.6300,51.6500,51.3000,51.3300,174550
2025-06-06 09:15:00,51.5200,51.7200,51.5000,51.7200,16536
2025-06-06 09:00:00,51.6700,51.7600,51.5200,51.5783,9421
2025-06-06 08:45:00,51.4900,51.7500,51.4100,51.7100,19566
2025-06-06 08:30:00,52.2500,52.2500,51.2686,51.4200,64403
2025-06-06 08:15:00,52.4601,52.6200,52.2500,52.2600,10879
2025-06-06 08:00:00,52.6009,52.8900,52.3600,52.4900,11361
2025-06-06 07:45:00,52.5500,52.5500,52.4600,52.4800,1129
2025-06-06 07:30:00,52.5000,52.5800,52.5000,52.5700,1301
2025-06-06 07:15:00,52.5200,52.5900,52.4100,52.4500,9085
2025-06-06 07:00:00,52.5700,52.6500,52.5000,52.5600,13169
2025-06-06 06:45:00,52.5400,52.5700,52.5300,52.5300,673
2025-06-06 06:30:00,52.5100,52.5300,52.5100,52.5200,679
2025-06-06 06:15:00,52.5100,52.5100,52.4500,52.4700,215
2025-06-06 06:00:00,52.4800,52.5200,52.4300,52.5100,1045
2025-06-06 05:45:00,52.4600,52.4700,52.4300,52.4500,256
2025-06-06 05:30:00,52.4200,52.5500,52.4200,52.5400,726
2025-06-06 05:15:00,52.4800,52.4900,52.4400,52.4400,2010
2025-06-06 05:00:00,52.4800,52.5400,52.4800,52.4800,382
2025-06-06 04:45:00,52.5400,52.5700,52.4900,52.4900,419
2025-06-06 04:30:00,52.5300,52.5700,52.5200,52.5700,560
2025-06-06 04:15:00,52.5800,52.6800,52.5600,52.5600,456
2025-06-06 04:00:00,52.5500,52.6600,52.4800,52.6500,6467
2025-06-05 20:00:00,53.0200,53.0200,53.0200,53.0200,16117
2025-06-05 19:45:00,53.1110,53.2200,53.1101,53.2200,5308
2025-06-05 19:30:00,53.2100,53.2900,53.1100,53.1200,2470
2025-06-05 19:15:00,53.1000,53.2400,53.1000,53.1400,320
2025-06-05 19:00:00,53.2600,53.2600,53.0400,53.1014,1312
2025-06-05 18:45:00,53.3500,53.3500,53.1300,53.2900,12833
2025-06-05 18:30:00,53.0200,53.4000,53.0200,53.3500,19856
2025-06-05 18:15:00,53.6100,53.6100,53.3615,53.3700,4721
2025-06-05 18:00:00,53.6200,53.7600,53.5400,53.6100,5340
2025-06-05 17:45:00,53.6500,53.6500,53.5037,53.6500,2841
2025-06-05 17:30:00,53.5500,53.7000,53.5200,53.6500,12395
2025-06-05 17:15:00,53.6000,53.7000,53.4100,53.5500,3950
2025-06-05 17:00:00,53.4900,53.7600,53.3700,53.6000,5084
2025-06-05 16:45:00,53.3600,53.4900,53.3100,53.4600,47603
2025-06-05 16:30:00,53.1600,53.4500,53.0500,53.3200,13163
2025-06-05 16:15:00,53.0700,53.3000,51.4869,53.1300,293621
2025-06-05 16:00:00,52.9300,53.0500,52.6000,53.0500,60049
2025-06-05 15:45:00,52.6200,53.2000,52.2700,52.9300,420110
2025-06-05 15:30:00,53.1700,53.2100,52.3400,52.6100,433366
2025-06-05 15:15:00,52.4700,53.5300,52.3700,53.2000,735550
2025-06-05 15:00:00,52.0500,52.5200,51.9600,52.4600,148395
2025-06-05 14:45:00,51.7000,52.0700,51.6300,52.0700,88675
2025-06-05 14:30:00,51.6600,51.7900,51.4700,51.6800,164590
2025-06-05 14:15:00,51.9700,52.3400,51.6400,51.6700,199309
2025-06-05 14:00:00,51.5081,51.9500,51.4000,51.9468,130707
2025-06-05 13:45:00,51.1500,51.4700,51.0750,51.4700,66723
2025-06-05 13:30:00,51.1450,51.1800,51.0200,51.1600,54373
2025-06-05 13:15:00,51.3500,51.3600,51.1300,51.1450,67772
2025-06-05 13:00:00,51.7900,51.8700,51.3200,51.3712,110408
2025-06-05 12:45:00,51.1500,51.8300,51.1500,51.7700,228259
2025-06-05 12:30:00,50.8812,51.1450,50.8800,51.1450,70092
2025-06-05 12:15:00,50.8850,51.0800,50.8300,50.8950,134810
2025-06-05 12:00:00,50.6900,50.8877,50.6500,50.8877,71340
2025-06-05 11:45:00,50.8400,50.9195,50.6000,50.6998,122871
2025-06-05 11:30:00,50.7690,50.9500,50.7299,50.8550,100967
2025-06-05 11:15:00,50.6800,50.8446,50.6100,50.7600,129355
2025-06-05 11:00:00,50.9800,50.9800,50.5600,50.7000,270098
2025-06-05 10:45:00,51.4700,51.5350,50.9500,51.0100,286280
2025-06-05 10:30:00,51.7400,52.2600,51.3500,51.4600,487066
2025-06-05 10:15:00,52.0300,52.0900,51.6500,51.7300,126920
2025-06-05 10:00:00,52.0450,52.1500,51.8400,52.0500,90228
2025-06-05 09:45:00,51.8800,52.3250,51.8700,52.0700,106474
2025-06-05 09:30:00,51.4250,52.0427,51.4000,51.8900,104684
2025-06-05 09:15:00,51.6200,51.7800,51.4000,51.4800,5187
2025-06-05 09:00:00,51.6200,51.6300,51.4900,51.5500,5692
2025-06-05 08:45:00,51.9900,52.0800,51.3600,51.6500,21313
2025-06-05 08:30:00,51.9900,52.1300,51.8900,51.9700,1976
2025-06-05 08:15:00,51.9000,52.0000,51.8800,51.9100,1744
2025-06-05 08:00:00,52.1000,52.2300,51.9000,51.9000,9756
2025-06-05 07:45:00,52.1100,52.1100,52.0000,52.0600,793
2025-06-05 07:30:00,52.0800,52.1500,52.0100,52.1100,1055
2025-06-05 07:15:00,52.1000,52.2300,52.0700,52.1100,1691
2025-06-05 07:00:00,52.0500,52.1400,52.0100,52.1400,1276
2025-06-05 06:45:00,52.0900,52.1000,52.0400,52.0400,363
2025-06-05 06:30:00,51.9500,52.0700,51.9300,52.0500,1017
2025-06-05 06:15:00,51.9200,51.9200,51.9200,51.9200,21
2025-06-05 06:00:00,51.9600,51.9700,51.9100,51.9100,207
2025-06-05 05:45:00,51.9200,52.0200,51.9200,51.9500,1534
2025-06-05 05:30:00,51.9400,51.9400,51.9000,51.9200,502
2025-06-05 05:15:00,51.9000,51.9200,51.9000,51.9200,300
2025-06-05 05:00:00,51.9000,51.9100,51.9000,51.9000,212
2025-06-05 04:45:00,51.8800,51.9200,51.8500,51.9200,421
2025-06-05 04:30:00,51.8400,51.8900,51.8100,51.8500,2459
2025-06-05 04:15:00,51.8800,51.9600,51.8200,51.8300,3081
2025-06-05 04:00:00,52.3300,52.3300,51.8700,51.9000,420
2025-06-04 20:00:00,52.0200,52.0200,52.0200,52.0200,15784
2025-06-04 19:45:00,52.1500,52.2100,52.1400,52.1400,5257
2025-06-04 19:30:00,52.2083,52.2100,52.1800,52.1800,530
2025-06-04 19:15:00,52.1500,52.2099,52.1500,52.2099,527
2025-06-04 19:00:00,52.2100,52.2500,52.0600,52.0600,852
2025-06-04 18:45:00,52.2000,52.2000,52.2000,52.2000,5068
2025-06-04 18:30:00,52.0200,52.2000,52.0200,52.2000,15998
2025-06-04 18:15:00,52.2000,52.2000,52.2000,52.2000,1
2025-06-04 18:00:00,52.2100,52.2600,52.1800,52.2599,275
2025-06-04 17:45:00,52.1600,52.2900,52.1500,52.2900,1531
2025-06-04 17:30:00,52.0500,52.2500,52.0500,52.2500,759
2025-06-04 17:15:00,52.1700,52.2500,52.1200,52.2460,174
2025-06-04 17:00:00,52.1800,52.2500,52.0000,52.2500,859
2025-06-04 16:45:00,52.1620,52.2200,52.1100,52.2200,1817
2025-06-04 16:30:00,52.0700,52.0714,52.0700,52.0714,125
2025-06-04 16:15:00,52.0900,52.1900,52.0400,52.1800,3574
2025-06-04 16:00:00,51.9300,52.1200,51.7900,52.0900,51400
2025-06-04 15:45:00,52.2000,52.2000,51.8500,51.9400,284988
2025-06-04 15:30:00,52.1600,52.3500,52.1300,52.2176,106174
2025-06-04 15:15:00,52.1076,52.1900,52.0800,52.1650,69767
2025-06-04 15:00:00,52.1200,52.2000,52.0450,52.1000,90684
2025-06-04 14:45:00,52.0300,52.2100,52.0250,52.1300,41300
2025-06-04 14:30:00,51.9300,52.1400,51.9250,52.0300,49262
2025-06-04 14:15:00,51.8600,52.0500,51.8400,51.9350,64654
2025-06-04 14:00:00,51.9400,51.9400,51.7600,51.8300,91456
2025-06-04 13:45:00,51.9200,51.9600,51.8700,51.9400,52622
2025-06-04 13:30:00,51.9650,51.9950,51.8800,51.9500,70699
2025-06-04 13:15:00,51.9850,52.0600,51.9500,51.9850,51747
2025-06-04 13:00:00,52.0200,52.0200,51.9250,51.9800,20807
2025-06-04 12:45:00,51.9889,52.0600,51.8900,52.0100,50242
2025-06-04 12:30:00,52.1253,52.1253,51.9300,51.9900,34636
2025-06-04 12:15:00,52.2850,52.2850,52.0200,52.1308,54418
2025-06-04 12:00:00,52.1000,52.3100,52.0800,52.3063,60643
2025-06-04 11:45:00,52.1400,52.1400,51.8900,52.1100,47077
2025-06-04 11:30:00,52.0999,52.1900,51.9200,52.1350,80699
2025-06-04 11:15:00,51.9000,52.0700,51.8300,52.0682,63297
2025-06-04 11:00:00,51.8300,51.9400,51.7900,51.9000,53898
2025-06-04 10:45:00,52.0200,52.1337,51.8200,51.8300,53312
2025-06-04 10:30:00,51.8200,52.1550,51.8100,52.0400,87534
2025-06-04 10:15:00,52.0700,52.0800,51.7800,51.8000,116003
2025-06-04 10:00:00,51.9600,52.4794,51.8700,52.0900,162090
2025-06-04 09:45:00,52.0400,52.0850,51.8000,51.8700,149464
2025-06-04 09:30:00,51.9000,52.0600,51.8000,52.0300,165478
2025-06-04 09:15:00,52.0700,52.0883,51.9101,51.9600,4704
2025-06-04 09:00:00,52.0500,52.1300,52.0200,52.1000,5067
2025-06-04 08:45:00,52.1800,52.1800,52.0800,52.0900,2874
2025-06-04 08:30:00,52.1400,52.2400,52.0400,52.2000,2939
2025-06-04 08:15:00,51.9000,52.2200,51.8601,52.0500,12433
2025-06-04 08:00:00,51.9398,52.2800,51.8400,51.8500,5977
2025-06-04 07:45:00,51.8400,51.8800,51.8300,51.8800,4993
2025-06-04 07:30:00,51.8600,51.8700,51.8400,51.8400,754
2025-06-04 07:15:00,51.8500,51.8800,51.8200,51.8300,2111
2025-06-04 07:00:00,51.9100,51.9200,51.8000,51.8800,14820
2025-06-04 06:45:00,51.9500,51.9500,51.8500,51.8500,1510
2025-06-04 06:30:00,51.9300,51.9300,51.9300,51.9300,30
2025-06-04 06:15:00,51.8800,51.9600,51.8800,51.9100,1079
2025-06-04 06:00:00,51.9400,51.9400,51.8500,51.8500,257
2025-06-04 05:45:00,51.8800,51.9300,51.8700,51.9100,102
2025-06-04 05:30:00,51.8500,51.8800,51.8500,51.8800,127
2025-06-04 05:15:00,51.9200,51.9200,51.8600,51.9000,505
2025-06-04 05:00:00,51.9200,51.9600,51.9000,51.9200,659
2025-06-04 04:45:00,51.9000,51.9400,51.9000,51.9400,1507
2025-06-04 04:30:00,51.9000,51.9000,51.8900,51.8900,281
2025-06-04 04:15:00,51.8600,51.9300,51.8500,51.8900,2462
2025-06-04 04:00:00,52.2900,52.2900,51.8500,51.8900,7780
2025-06-03 20:00:00,52.1100,52.1100,52.1100,52.1100,2515
2025-06-03 19:45:00,52.2699,52.3141,52.1700,52.2484,2798
2025-06-03 19:30:00,52.2500,52.2900,52.2500,52.2800,70
2025-06-03 19:15:00,52.2700,52.2800,52.2700,52.2700,595
2025-06-03 19:00:00,52.1710,52.2700,52.1710,52.2300,30
2025-06-03 18:45:00,52.3000,52.3000,52.1715,52.1715,516
2025-06-03 18:30:00,52.1100,52.3000,52.1100,52.3000,2704
2025-06-03 18:15:00,52.2100,52.2700,52.2100,52.2700,44
2025-06-03 18:00:00,52.2900,52.2900,52.2200,52.2200,1202
2025-06-03 17:30:00,52.2500,52.3000,52.2500,52.2800,43
2025-06-03 17:15:00,52.2000,52.4300,52.2000,52.3200,149
2025-06-03 17:00:00,52.2200,52.3500,52.0300,52.1400,6020
2025-06-03 16:45:00,52.2000,52.2000,52.1700,52.2000,573
2025-06-03 16:30:00,52.2400,52.2500,52.1600,52.2000,775
2025-06-03 16:15:00,52.2500,52.2500,52.2100,52.2500,655
2025-06-03 16:00:00,52.1700,52.3500,52.0200,52.2000,8746
2025-06-03 15:45:00,52.3600,52.5000,52.0200,52.1700,222443
2025-06-03 15:30:00,52.2400,52.3500,52.2200,52.3450,69377
2025-06-03 15:15:00,52.3100,52.3310,52.2000,52.2400,82544
2025-06-03 15:00:00,52.1901,52.3300,52.1450,52.2950,92059
2025-06-03 14:45:00,52.2500,52.3600,52.1900,52.1900,63197
2025-06-03 14:30:00,52.3301,52.4372,52.2300,52.2700,69145
2025-06-03 14:15:00,52.4800,52.5319,52.3050,52.3462,49719
2025-06-03 14:00:00,52.2300,52.6062,52.1700,52.4892,122167
2025-06-03 13:45:00,52.0899,52.2800,52.0600,52.2400,58159
2025-06-03 13:30:00,52.0450,52.1050,51.9700,52.0850,68321
2025-06-03 13:15:00,52.1400,52.1400,51.9300,52.0300,136638
2025-06-03 13:00:00,52.3000,52.3450,52.1213,52.1350,89754
2025-06-03 12:45:00,52.3600,52.4200,52.3000,52.3300,86444
2025-06-03 12:30:00,52.4700,52.4750,52.3550,52.3800,114550
2025-06-03 12:15:00,52.5900,52.5950,52.4547,52.4750,106089
2025-06-03 12:00:00,52.5900,52.6200,52.5500,52.6000,49487
2025-06-03 11:45:00,52.4800,52.6250,52.4350,52.5775,94451
2025-06-03 11:30:00,52.5150,52.5150,52.4000,52.4700,69335
2025-06-03 11:15:00,52.5600,52.6000,52.4300,52.5050,71737
2025-06-03 11:00:00,52.6500,52.7200,52.5550,52.5625,85823
2025-06-03 10:45:00,52.7600,52.8200,52.5912,52.6400,102553
2025-06-03 10:30:00,52.7400,52.8950,52.7300,52.7700,75404
2025-06-03 10:15:00,53.1100,53.1150,52.7200,52.7300,98061
2025-06-03 10:00:00,53.1200,53.2650,52.9000,53.0950,105648
2025-06-03 09:45:00,53.0076,53.1853,52.9101,53.1634,69002
2025-06-03 09:30:00,53.0300,53.1400,52.8000,53.0100,125152
2025-06-03 09:15:00,53.1900,53.1900,52.9700,53.0300,7776
2025-06-03 09:00:00,53.2100,53.2100,53.1000,53.1900,896
2025-06-03 08:45:00,53.1900,53.1900,53.1000,53.1700,1138
2025-06-03 08:30:00,53.1000,53.2095,53.1000,53.1800,708
2025-06-03 08:15:00,53.1300,53.1800,53.0200,53.1100,8570
2025-06-03 08:00:00,53.4784,53.8800,53.1100,53.2200,4072
2025-06-03 07:45:00,53.1900,53.2700,53.1500,53.1900,710
2025-06-03 07:30:00,53.3000,53.3200,53.1900,53.1900,2810
2025-06-03 07:15:00,53.4500,53.4600,53.3000,53.3300,878
2025-06-03 07:00:00,53.3700,53.4700,53.3600,53.4300,8414
2025-06-03 06:45:00,53.5200,53.5500,53.3700,53.3700,291
2025-06-03 06:30:00,53.6000,53.6100,53.5200,53.5200,880
2025-06-03 06:15:00,53.7000,53.7000,53.6000,53.6200,1600
2025-06-03 06:00:00,53.6200,53.7300,53.6200,53.7100,603
2025-06-03 05:45:00,53.6500,53.7000,53.5900,53.7000,505
2025-06-03 05:30:00,53.7500,53.7500,53.5700,53.5700,1019
2025-06-03 05:15:00,53.7000,53.7600,53.7000,53.7200,311
2025-06-03 05:00:00,53.6700,53.7300,53.6300,53.6300,715
2025-06-03 04:45:00,53.8200,53.8500,53.7400,53.7500,564
2025-06-03 04:30:00,53.8700,53.8800,53.7400,53.7900,1631
2025-06-03 04:15:00,53.9000,54.0000,53.8600,53.9100,4207
2025-06-03 04:00:00,53.5000,53.9700,53.5000,53.9700,2535
2025-06-02 20:00:00,53.2800,53.2800,53.2800,53.2800,5776
2025-06-02 19:45:00,53.3200,53.4600,53.3200,53.4600,1102
2025-06-02 19:30:00,53.2700,53.4100,53.2700,53.2900,241
2025-06-02 19:15:00,53.2200,53.5100,53.2000,53.2400,6361
2025-06-02 19:00:00,53.1810,53.2500,53.1810,53.2500,22
2025-06-02 18:45:00,53.2200,53.2200,53.2200,53.2200,16
2025-06-02 18:30:00,53.2800,53.2800,53.1900,53.2200,6303
2025-06-02 18:15:00,53.1500,53.2000,53.1500,53.2000,381
2025-06-02 18:00:00,53.2000,53.2000,53.1300,53.1300,295
2025-06-02 17:45:00,53.2000,53.2400,53.2000,53.2000,480
2025-06-02 17:30:00,53.1109,53.1109,53.1109,53.1109,1000
2025-06-02 17:15:00,53.1800,53.2500,53.1400,53.1500,1246
2025-06-02 17:00:00,53.1100,53.1800,53.0200,53.1500,1254
2025-06-02 16:45:00,53.1100,53.1800,53.1000,53.1000,286
2025-06-02 16:30:00,53.1700,53.1700,53.0200,53.1100,4363
2025-06-02 16:15:00,53.1700,53.2200,53.1400,53.2000,2512
2025-06-02 16:00:00,53.2100,53.2800,53.1400,53.2200,25145
2025-06-02 15:45:00,53.5300,53.5400,53.2100,53.2100,257037
2025-06-02 15:30:00,53.2700,53.5588,53.2700,53.5350,121872
2025-06-02 15:15:00,53.3800,53.4200,53.2150,53.2700,95695
2025-06-02 15:00:00,53.3800,53.3900,53.1900,53.3900,115959
2025-06-02 14:45:00,53.3850,53.4100,53.2500,53.3800,75545
2025-06-02 14:30:00,53.4725,53.5300,53.3600,53.3800,65942
2025-06-02 14:15:00,53.8100,53.8250,53.4300,53.4900,145703
2025-06-02 14:00:00,53.8550,53.9600,53.7450,53.8100,103565
2025-06-02 13:45:00,53.9300,53.9700,53.8100,53.8150,37268
2025-06-02 13:30:00,53.8100,53.9600,53.8000,53.9550,26400
2025-06-02 13:15:00,53.8250,53.9200,53.7450,53.8850,47026
2025-06-02 13:00:00,53.8700,53.8950,53.7300,53.8400,44866
2025-06-02 12:45:00,54.0400,54.0800,53.8450,53.8700,23593
2025-06-02 12:30:00,53.9200,54.0700,53.8500,54.0700,31373
2025-06-02 12:15:00,53.8300,54.0500,53.7700,53.9400,44144
2025-06-02 12:00:00,53.8500,54.0100,53.7750,53.8400,90270
2025-06-02 11:45:00,54.0550,54.1100,53.8269,53.8700,68033
2025-06-02 11:30:00,53.9900,54.2300,53.9400,54.0550,67670
2025-06-02 11:15:00,53.6700,54.0415,53.6500,53.9750,157714
2025-06-02 11:00:00,53.6800,53.9500,53.5600,53.6600,169166
2025-06-02 10:45:00,53.8250,53.8628,53.6275,53.6900,139580
2025-06-02 10:30:00,53.7500,53.9100,53.4800,53.8299,304042
2025-06-02 10:15:00,54.2300,54.3300,53.7300,53.7700,142644
2025-06-02 10:00:00,54.3600,54.8100,54.0200,54.2600,311465
2025-06-02 09:45:00,53.6000,54.3100,53.6000,54.2600,155636
2025-06-02 09:30:00,54.3400,54.3900,53.5100,53.6700,250440
2025-06-02 09:15:00,54.5200,54.5800,53.8300,54.4000,10667
2025-06-02 09:00:00,54.6200,54.6485,54.5000,54.5400,3969
2025-06-02 08:45:00,54.6500,54.7900,54.5600,54.6400,5015
2025-06-02 08:30:00,54.7800,54.8099,54.6000,54.6500,19891
2025-06-02 08:15:00,54.6100,54.8299,54.6000,54.7600,8933
2025-06-02 08:00:00,54.8500,55.6600,54.5710,54.6400,35712
2025-06-02 07:45:00,54.6300,54.8300,54.6000,54.8300,18275
2025-06-02 07:30:00,54.6600,54.6600,54.5700,54.6300,825
2025-06-02 07:15:00,54.6900,54.7600,54.6300,54.7200,908
2025-06-02 07:00:00,54.8200,54.8500,54.6600,54.6900,3293
2025-06-02 06:45:00,55.0300,55.0300,54.8500,54.8500,121
2025-06-02 06:30:00,54.9800,55.0300,54.9000,54.9000,1483
2025-06-02 06:15:00,55.0300,55.1200,55.0200,55.0200,312
2025-06-02 06:00:00,55.0700,55.1500,54.8800,54.9500,381
2025-06-02 05:45:00,55.2000,55.3200,55.1600,55.1600,2228
2025-06-02 05:30:00,55.0000,55.1600,55.0000,55.1600,903
2025-06-02 05:15:00,55.1600,55.1700,55.0100,55.0100,444
2025-06-02 05:00:00,54.9200,55.1800,54.9200,55.1600,1848
2025-06-02 04:45:00,54.8800,54.9000,54.8400,54.8800,155
2025-06-02 04:30:00,54.8100,54.8700,54.7800,54.8300,519
2025-06-02 04:15:00,54.9100,55.1000,54.9000,54.9600,320
2025-06-02 04:00:00,55.4500,55.4500,54.4900,54.8800,4674
2025-05-30 20:00:00,53.8300,53.8300,53.8300,53.8300,15784
2025-05-30 19:45:00,54.3000,54.3000,54.0500,54.2500,2874
2025-05-30 19:30:00,54.2500,54.3000,54.2500,54.2500,1080
2025-05-30 19:15:00,54.2500,54.3500,54.2200,54.2500,3964
2025-05-30 19:00:00,54.1500,54.2499,54.1500,54.2486,140
2025-05-30 18:45:00,54.2500,54.2500,54.2500,54.2500,10
2025-05-30 18:30:00,53.8300,54.0500,53.8300,54.0500,15786
2025-05-30 18:15:00,54.1000,54.2000,54.0500,54.0500,380
2025-05-30 18:00:00,54.0000,54.0500,53.9700,53.9700,1943
2025-05-30 17:45:00,54.0000,54.0000,54.0000,54.0000,15
2025-05-30 17:30:00,54.0000,54.0000,54.0000,54.0000,150
2025-05-30 17:15:00,53.9900,54.0700,53.8500,54.0000,193
2025-05-30 17:00:00,53.9900,54.1000,53.9700,53.9700,354
2025-05-30 16:45:00,53.9700,53.9900,53.9000,53.9900,775
2025-05-30 16:30:00,53.9500,53.9700,53.9400,53.9700,198
2025-05-30 16:15:00,53.9100,53.9700,53.8400,53.9700,10273
2025-05-30 16:00:00,53.9200,54.0800,53.7500,53.8500,55113
2025-05-30 15:45:00,53.9513,54.0500,53.6100,53.8800,426217
2025-05-30 15:30:00,53.7400,54.1300,53.7400,53.9700,248094
2025-05-30 15:15:00,53.7800,53.8000,53.6200,53.7350,163804
2025-05-30 15:00:00,53.8200,53.9000,53.6550,53.8200,206417
2025-05-30 14:45:00,54.1900,54.1900,53.7900,53.8100,85149
2025-05-30 14:30:00,53.8900,54.2550,53.8000,54.1800,115662
2025-05-30 14:15:00,54.2930,54.3350,53.7800,53.9100,219494
2025-05-30 14:00:00,54.8250,54.8400,54.2200,54.2762,105482
2025-05-30 13:45:00,54.7400,54.8900,54.5300,54.8300,102631
2025-05-30 13:30:00,55.2700,55.2900,54.6200,54.7550,243973
2025-05-30 13:15:00,55.4100,55.5500,55.2500,55.2500,99141
2025-05-30 13:00:00,55.6500,55.8000,55.1100,55.3900,188326
2025-05-30 12:45:00,55.4900,55.9600,55.3100,55.6500,241116
2025-05-30 12:30:00,55.1300,55.7850,55.0578,55.4600,461794
2025-05-30 12:15:00,54.2700,55.3600,54.2150,55.1500,301342
2025-05-30 12:00:00,54.2900,54.4200,54.0500,54.2300,59368
2025-05-30 11:45:00,54.5700,54.5700,54.0800,54.3000,60373
2025-05-30 11:30:00,54.2300,54.7300,54.1150,54.5400,84093
2025-05-30 11:15:00,54.3600,54.5962,54.1100,54.2200,92939
2025-05-30 11:00:00,54.1300,54.4200,54.0600,54.3200,123570
2025-05-30 10:45:00,53.6400,54.3245,53.6400,54.1550,152122
2025-05-30 10:30:00,53.5900,53.6100,53.2600,53.6050,88999
2025-05-30 10:15:00,53.5450,53.6500,53.4100,53.4900,69578
2025-05-30 10:00:00,54.3600,54.3600,53.4700,53.5500,178268
2025-05-30 09:45:00,54.2600,54.5550,54.0050,54.3450,169440
2025-05-30 09:30:00,54.2500,54.5300,54.0200,54.2116,133365
2025-05-30 09:15:00,54.5500,54.5500,54.1900,54.1900,11167
2025-05-30 09:00:00,54.4500,54.5900,54.3700,54.5600,12237
2025-05-30 08:45:00,54.2700,54.4600,53.5617,54.4600,14334
2025-05-30 08:30:00,54.7097,54.7097,54.0800,54.2800,22347
2025-05-30 08:15:00,54.5000,54.7400,54.1400,54.6500,19948
2025-05-30 08:00:00,53.5100,54.6000,53.3000,54.5088,49980
2025-05-30 07:45:00,53.5600,53.5700,53.4500,53.5100,2852
2025-05-30 07:30:00,53.6000,53.6000,53.5100,53.5700,5813
2025-05-30 07:15:00,53.4400,53.6100,53.4400,53.6100,226
2025-05-30 07:00:00,53.7200,53.7200,53.4000,53.4900,5371
2025-05-30 06:45:00,53.7200,53.7200,53.6100,53.7100,373
2025-05-30 06:30:00,53.7400,53.7400,53.6800,53.6800,451
2025-05-30 06:15:00,54.0500,54.0500,53.8700,53.8700,15
2025-05-30 06:00:00,54.0700,54.0700,53.8600,54.0100,748
2025-05-30 05:45:00,53.8100,53.9800,53.8100,53.9800,457
2025-05-30 05:30:00,53.8000,53.8000,53.7300,53.7900,4341
2025-05-30 05:15:00,53.8300,53.8300,53.6300,53.7900,2141
2025-05-30 05:00:00,53.8300,53.8300,53.8300,53.8300,2
2025-05-30 04:45:00,53.8900,53.9600,53.8200,53.9100,1603
2025-05-30 04:30:00,53.8600,54.0800,53.8100,53.9500,5308
2025-05-30 04:15:00,53.7500,53.8900,53.7500,53.8600,1863
2025-05-30 04:00:00,53.9500,53.9500,53.7200,53.8000,1720
2025-05-29 20:00:00,53.5500,53.5500,53.5500,53.5500,5716
2025-05-29 19:45:00,54.0416,54.0700,53.9900,54.0699,4272
2025-05-29 19:30:00,54.0000,54.0700,53.9001,54.0500,459
2025-05-29 19:15:00,54.0200,54.0400,53.9100,53.9985,536
2025-05-29 19:00:00,54.0200,54.1000,54.0200,54.0200,162
2025-05-29 18:45:00,54.0000,54.0600,53.9100,54.0600,825
2025-05-29 18:30:00,53.5500,54.0000,53.5500,54.0000,8183
2025-05-29 18:15:00,53.7900,53.9300,53.7800,53.9300,2328
2025-05-29 18:00:00,53.7501,54.0000,53.7400,53.7400,7565
2025-05-29 17:45:00,53.7200,53.8000,53.7200,53.8000,92
2025-05-29 17:30:00,53.6900,53.8500,53.6800,53.8500,6
2025-05-29 17:15:00,53.7000,53.7000,53.6900,53.7000,49
2025-05-29 17:00:00,53.8000,53.8800,53.6300,53.7400,276
2025-05-29 16:45:00,53.7000,53.8299,53.3138,53.7800,176608
2025-05-29 16:30:00,53.6700,53.7000,53.6500,53.6500,614
2025-05-29 16:15:00,53.6500,53.7800,53.6100,53.7800,1136
2025-05-29 16:00:00,53.5500,54.0000,53.4700,53.7000,26681
2025-05-29 15:45:00,53.4700,53.6400,53.2300,53.5500,301767
2025-05-29 15:30:00,53.4300,53.4751,53.3300,53.4650,64013
2025-05-29 15:15:00,53.5400,53.6000,53.2300,53.4575,76507
2025-05-29 15:00:00,53.3100,53.5200,53.1600,53.5150,119546
2025-05-29 14:45:00,53.3400,53.4100,53.1900,53.3125,81844
2025-05-29 14:30:00,53.5700,53.5700,53.2076,53.3400,70933
2025-05-29 14:15:00,53.3300,53.6850,53.2600,53.5700,65066
2025-05-29 14:00:00,53.5959,53.5959,53.2570,53.3300,51082
2025-05-29 13:45:00,53.3000,53.5950,53.1800,53.5900,75343
2025-05-29 13:30:00,53.2700,53.3300,53.1000,53.2600,43727
2025-05-29 13:15:00,53.2050,53.3250,53.0000,53.2400,59369
2025-05-29 13:00:00,53.3800,53.3800,53.1300,53.2100,44967
2025-05-29 12:45:00,53.4300,53.6600,53.2200,53.3600,50511
2025-05-29 12:30:00,53.5950,53.6400,53.3900,53.4500,43887
2025-05-29 12:15:00,53.6650,53.7100,53.5050,53.5700,71944
2025-05-29 12:00:00,54.0200,54.3600,53.7000,53.7400,134737
2025-05-29 11:45:00,53.4700,54.2010,53.3400,54.0000,109383
2025-05-29 11:30:00,53.0700,53.6200,53.0700,53.4800,73006
2025-05-29 11:15:00,53.3800,53.3800,53.0700,53.1300,46637
2025-05-29 11:00:00,52.9700,53.4300,52.9700,53.3550,72742
2025-05-29 10:45:00,53.2100,53.3250,52.9200,52.9600,69051
2025-05-29 10:30:00,53.1300,53.5200,52.9800,53.2250,114514
2025-05-29 10:15:00,53.5000,53.8500,53.0521,53.0950,133583
2025-05-29 10:00:00,53.1200,54.1200,53.0850,53.4900,229667
2025-05-29 09:45:00,53.0000,53.2900,52.8400,53.0900,102777
2025-05-29 09:30:00,52.1500,53.0200,52.0900,53.0000,148945
2025-05-29 09:15:00,52.4300,52.4300,52.0700,52.1400,13199
2025-05-29 09:00:00,52.5500,52.6000,52.4000,52.4000,2769
2025-05-29 08:45:00,52.8700,52.8700,52.4000,52.5600,11707
2025-05-29 08:30:00,52.7400,52.8899,52.5000,52.8300,12824
2025-05-29 08:15:00,52.8500,52.8600,52.6300,52.8000,7229
2025-05-29 08:00:00,52.2400,52.9000,51.2800,52.8000,41369
2025-05-29 07:45:00,52.5200,52.8400,52.5100,52.7600,6076
2025-05-29 07:30:00,52.5400,52.7200,52.4500,52.4500,3639
2025-05-29 07:15:00,52.2000,52.5800,52.2000,52.5700,5185
2025-05-29 07:00:00,52.1400,52.3600,52.1100,52.2000,5925
2025-05-29 06:45:00,52.2200,52.2900,52.1900,52.2100,1726
2025-05-29 06:30:00,52.1300,52.2500,52.0300,52.2300,2045
2025-05-29 06:15:00,52.0400,52.2900,52.0100,52.2300,4091
2025-05-29 06:00:00,51.8200,52.0200,51.8000,51.9200,1189
2025-05-29 05:45:00,51.7200,51.7300,51.6700,51.6900,1624
2025-05-29 05:30:00,51.6500,51.7300,51.5700,51.5700,937
2025-05-29 05:15:00,51.6800,51.7300,51.6600,51.6600,259
2025-05-29 05:00:00,51.7300,51.7300,51.5900,51.5900,1301
2025-05-29 04:45:00,51.7200,51.7500,51.7100,51.7500,376
2025-05-29 04:30:00,51.7500,51.7700,51.7000,51.7000,4592
2025-05-29 04:15:00,51.5100,51.7300,51.5100,51.7200,5214
2025-05-29 04:00:00,51.4000,51.5200,51.2300,51.5100,6790
2025-05-28 20:00:00,53.4900,53.4900,53.4900,53.4900,3015
2025-05-28 19:45:00,51.5800,51.7800,51.5800,51.6700,12251
2025-05-28 19:30:00,51.6998,51.8779,51.5000,51.6000,14888
2025-05-28 19:15:00,51.9000,51.9400,51.4900,51.7000,11647
2025-05-28 19:00:00,52.3200,52.3295,51.8840,51.9600,13518
2025-05-28 18:45:00,52.7200,52.7200,52.2900,52.2900,13445
2025-05-28 18:30:00,53.4900,53.4900,52.7000,52.7100,6667
2025-05-28 18:15:00,52.8100,52.8100,52.7500,52.7800,3628
2025-05-28 18:00:00,53.0600,53.0600,52.8000,52.8099,1532
2025-05-28 17:45:00,53.1000,53.1000,52.9900,52.9900,85
2025-05-28 17:30:00,52.9300,53.0400,52.9300,53.0400,660
2025-05-28 17:15:00,52.8000,53.0000,52.8000,52.9300,7737
2025-05-28 17:00:00,52.7700,52.8100,52.7001,52.8000,4983
2025-05-28 16:45:00,52.7800,52.8200,52.7100,52.7100,9254
2025-05-28 16:30:00,52.9400,53.0500,52.7800,52.7800,6069
2025-05-28 16:15:00,53.7800,53.9000,52.8050,52.9200,16448
2025-05-28 16:00:00,53.5200,53.8100,53.4100,53.7500,14300
2025-05-28 15:45:00,53.6801,53.8800,53.4200,53.5100,182666
2025-05-28 15:30:00,53.5600,53.7800,53.5150,53.6725,77353
2025-05-28 15:15:00,53.2600,53.6500,53.2100,53.5450,140507
2025-05-28 15:00:00,53.3000,53.4000,53.0300,53.2850,126389
2025-05-28 14:45:00,53.0550,53.7600,53.0500,53.2800,169857
2025-05-28 14:30:00,52.9800,53.0600,52.9100,53.0600,63173
2025-05-28 14:15:00,52.9600,53.1000,52.9300,52.9900,61950
2025-05-28 14:00:00,53.1800,53.1800,52.8725,52.9400,66338
2025-05-28 13:45:00,53.2850,53.3000,53.0900,53.1700,43711
2025-05-28 13:30:00,53.0500,53.3000,53.0500,53.2850,57771
2025-05-28 13:15:00,53.1000,53.1000,53.0000,53.0500,30224
2025-05-28 13:00:00,53.2200,53.2700,53.0100,53.1200,96471
2025-05-28 12:45:00,53.2300,53.3100,53.1350,53.2000,54641
2025-05-28 12:30:00,53.3950,53.4100,53.1600,53.2350,92463
2025-05-28 12:15:00,53.5000,53.5200,53.3600,53.3988,32405
2025-05-28 12:00:00,53.6350,53.6350,53.3600,53.4900,43063
2025-05-28 11:45:00,53.7000,53.7000,53.4300,53.6700,67234
2025-05-28 11:30:00,53.6200,53.8398,53.5800,53.7000,114754
2025-05-28 11:15:00,53.5950,53.6500,53.3750,53.6100,72630
2025-05-28 11:00:00,53.5400,53.6350,53.3200,53.6300,90338
2025-05-28 10:45:00,53.4200,53.6100,53.4000,53.5150,69022
2025-05-28 10:30:00,53.4100,53.6000,53.2700,53.3900,110170
2025-05-28 10:15:00,53.3060,53.4700,53.2700,53.4300,49310
2025-05-28 10:00:00,53.2200,53.3025,53.0600,53.3000,77000
2025-05-28 09:45:00,52.9400,53.2700,52.8100,53.2200,110028
2025-05-28 09:30:00,52.7650,53.1500,52.7600,52.9500,121392
2025-05-28 09:15:00,53.0300,53.1500,52.7800,52.7800,6254
2025-05-28 09:00:00,53.0800,53.0900,52.9500,53.0000,7937
2025-05-28 08:45:00,52.9700,53.0500,52.9700,53.0490,784
2025-05-28 08:30:00,53.0500,53.0800,52.9100,52.9600,1683
2025-05-28 08:15:00,53.0100,53.0500,52.9300,53.0300,3311
2025-05-28 08:00:00,52.6805,53.0400,52.6805,52.9600,8144
2025-05-28 07:45:00,53.0200,53.0200,52.9900,53.0000,116
2025-05-28 07:30:00,52.9300,53.0700,52.9000,53.0700,1754
2025-05-28 07:15:00,52.9800,52.9900,52.9200,52.9200,671
2025-05-28 07:00:00,52.9100,53.0100,52.8900,52.9400,1947
2025-05-28 06:45:00,52.9500,52.9500,52.8300,52.8700,1399
2025-05-28 06:30:00,53.0600,53.0800,52.9100,52.9700,1305
2025-05-28 06:15:00,53.0500,53.0800,53.0000,53.0000,637
2025-05-28 06:00:00,53.2400,53.2400,53.2000,53.2100,470
2025-05-28 05:45:00,53.3200,53.3300,53.3000,53.3000,674
2025-05-28 05:30:00,53.3500,53.4100,53.3200,53.3200,593
2025-05-28 05:15:00,53.1800,53.3500,53.1800,53.3500,2021
2025-05-28 05:00:00,53.1900,53.1900,53.1900,53.1900,2
2025-05-28 04:45:00,53.0400,53.1400,53.0400,53.1400,387
2025-05-28 04:30:00,52.9900,52.9900,52.9900,52.9900,2
2025-05-28 04:15:00,53.0100,53.0900,53.0100,53.0600,359
2025-05-28 04:00:00,52.9800,53.1100,52.7800,53.0900,1499
2025-05-27 20:00:00,52.8800,52.8800,52.8800,52.8800,11226
2025-05-27 19:45:00,52.7200,52.7300,52.6773,52.6773,675
2025-05-27 19:30:00,52.6800,52.7300,52.6401,52.7300,1155
2025-05-27 19:15:00,52.6800,52.6800,52.6000,52.6800,4670
2025-05-27 19:00:00,52.7000,52.7000,52.6898,52.6900,1780
2025-05-27 18:45:00,52.7000,52.7600,52.6899,52.6900,1822
2025-05-27 18:30:00,52.8800,52.8800,52.6800,52.6995,12368
2025-05-27 18:15:00,52.8598,52.8600,52.8590,52.8599,462
2025-05-27 18:00:00,52.8700,52.8700,52.8500,52.8500,306
2025-05-27 17:45:00,52.7700,52.8800,52.7700,52.8600,379
2025-05-27 17:30:00,52.7500,52.9100,52.7500,52.9100,580
2025-05-27 17:15:00,52.8000,52.8000,52.7500,52.7900,436
2025-05-27 17:00:00,52.6500,52.8000,52.6500,52.7998,349
2025-05-27 16:45:00,52.7300,52.7500,52.6700,52.6700,3490
2025-05-27 16:30:00,52.7700,52.8000,52.7100,52.7300,5726
2025-05-27 16:15:00,52.7300,52.8400,52.7200,52.7900,3635
2025-05-27 16:00:00,52.8600,52.9500,52.6600,52.7289,48008
2025-05-27 15:45:00,53.1600,53.2997,52.8303,52.8600,520280
2025-05-27 15:30:00,53.2000,53.2900,53.0900,53.1500,222687
2025-05-27 15:15:00,53.3100,53.3400,53.1300,53.1800,162546
2025-05-27 15:00:00,53.2300,53.3450,53.1600,53.3100,144363
2025-05-27 14:45:00,53.2000,53.2400,53.1400,53.2250,155321
2025-05-27 14:30:00,53.2400,53.2400,53.1600,53.2000,94448
2025-05-27 14:15:00,53.3100,53.3400,53.1100,53.2400,263809
2025-05-27 14:00:00,53.3300,53.3800,53.2900,53.3400,81250
2025-05-27 13:45:00,53.4000,53.4500,53.3100,53.3250,88534
2025-05-27 13:30:00,53.3900,53.5450,53.3900,53.4000,70934
2025-05-27 13:15:00,53.5500,53.5500,53.3100,53.4000,100113
2025-05-27 13:00:00,53.7100,53.7100,53.5400,53.5550,79328
2025-05-27 12:45:00,53.7600,53.8900,53.6400,53.7300,197307
2025-05-27 12:30:00,54.1000,54.1000,53.7500,53.7700,153292
2025-05-27 12:15:00,54.0899,54.1600,53.9400,54.1000,53156
2025-05-27 12:00:00,54.1700,54.1900,54.0000,54.0750,95115
2025-05-27 11:45:00,53.9000,54.2000,53.8900,54.1700,59912
2025-05-27 11:30:00,54.0400,54.1050,53.9150,53.9150,88876
2025-05-27 11:15:00,53.9709,54.2100,53.9500,54.0600,105709
2025-05-27 11:00:00,54.1800,54.2150,53.9800,53.9800,70794
2025-05-27 10:45:00,53.9100,54.2100,53.8500,54.2000,89798
2025-05-27 10:30:00,54.0900,54.1063,53.8800,53.9100,251477
2025-05-27 10:15:00,54.0300,54.1500,53.9300,54.1100,523718
2025-05-27 10:00:00,54.5400,54.5400,53.8700,54.0300,365695
2025-05-27 09:45:00,54.7700,54.8400,54.4500,54.5600,284973
2025-05-27 09:30:00,55.1300,55.8000,54.7400,54.8200,454077
2025-05-27 09:15:00,55.1000,55.2800,54.8900,55.2800,47998
2025-05-27 09:00:00,55.2900,55.3982,55.1000,55.1100,4969
2025-05-27 08:45:00,55.4200,59.0300,55.2900,55.3800,1301
2025-05-27 08:30:00,55.2200,55.4700,55.1500,55.4200,9329
2025-05-27 08:15:00,55.2800,55.4100,55.1500,55.2500,3773
2025-05-27 08:00:00,55.2500,56.3000,54.8500,55.2700,33436
2025-05-27 07:45:00,55.1400,55.2000,55.0900,55.1900,3642
2025-05-27 07:30:00,55.3300,55.3500,55.1200,55.1500,12221
2025-05-27 07:15:00,55.2500,55.4100,55.2500,55.2800,3153
2025-05-27 07:00:00,55.3900,55.4600,55.2500,55.2500,12680
2025-05-27 06:45:00,55.1000,55.4000,55.1000,55.3500,7976
2025-05-27 06:30:00,55.0800,55.1500,55.0000,55.1400,18186
2025-05-27 06:15:00,55.1200,55.1400,55.0900,55.0900,6185
2025-05-27 06:00:00,55.1500,55.2000,55.1000,55.1400,1186
2025-05-27 05:45:00,55.0200,55.1700,55.0200,55.1500,3669
2025-05-27 05:30:00,55.2300,55.2400,55.0100,55.1400,2790
2025-05-27 05:15:00,54.9600,55.2400,54.9600,55.1800,427
2025-05-27 05:00:00,55.2600,55.2700,54.9500,54.9600,4037
2025-05-27 04:45:00,55.2900,55.3900,55.2500,55.2500,681
2025-05-27 04:30:00,55.1500,55.3100,55.1400,55.2700,1889
2025-05-27 04:15:00,55.0300,55.1500,54.9500,55.1500,7606
2025-05-27 04:00:00,55.9500,55.9500,55.0000,55.0300,19686
2025-05-23 20:00:00,58.7900,58.7900,58.7900,58.7900,9467
2025-05-23 19:45:00,58.7000,58.7000,58.5200,58.6500,413
2025-05-23 19:30:00,58.7500,58.7700,58.5000,58.6900,716
2025-05-23 19:15:00,58.9000,58.9000,58.7500,58.7500,640
2025-05-23 19:00:00,58.8600,59.0000,58.7600,58.8600,207
2025-05-23 18:45:00,58.7900,58.8799,58.7600,58.8799,107
2025-05-23 18:30:00,58.7900,58.8500,58.7500,58.7500,10350
2025-05-23 18:15:00,58.7500,58.7502,58.7500,58.7502,525
2025-05-23 18:00:00,58.7600,58.8300,58.7500,58.7500,690
2025-05-23 17:45:00,58.5800,58.7500,58.5047,58.7200,771
2025-05-23 17:30:00,58.6900,58.6900,58.5800,58.5800,350
2025-05-23 17:15:00,58.8800,58.8800,58.6700,58.6700,641
2025-05-23 17:00:00,58.9500,59.0000,58.6756,58.6756,3313
2025-05-23 16:45:00,58.8500,58.9400,58.8100,58.8700,591
2025-05-23 16:30:00,58.8000,58.9900,58.7600,58.8500,1032
2025-05-23 16:15:00,58.9500,58.9700,58.6700,58.7500,8887
2025-05-23 16:00:00,58.8100,59.1700,58.6600,58.9501,42528
2025-05-23 15:45:00,58.1050,58.9800,58.0590,58.8200,727048
2025-05-23 15:30:00,58.3100,58.5000,57.9400,58.1000,213228
2025-05-23 15:15:00,57.7050,58.4650,57.6800,58.2800,301449
2025-05-23 15:00:00,57.9600,58.4100,57.6500,57.7100,150462
2025-05-23 14:45:00,57.5800,58.1200,57.5600,57.9800,151738
2025-05-23 14:30:00,57.4750,57.6500,57.3343,57.5850,88267
2025-05-23 14:15:00,57.0400,57.7500,57.0400,57.5200,224294
2025-05-23 14:00:00,57.2400,57.2400,56.9100,57.0600,87864
2025-05-23 13:45:00,57.3900,57.3900,57.0500,57.2500,62739
2025-05-23 13:30:00,57.0000,57.4100,56.9600,57.3700,80434
2025-05-23 13:15:00,57.4100,57.4100,56.9300,56.9700,251876
2025-05-23 13:00:00,57.8450,57.9300,57.3100,57.4400,74025
2025-05-23 12:45:00,57.7300,57.9900,57.4200,57.8375,131805
2025-05-23 12:30:00,57.5400,57.8700,57.3900,57.7500,150538
2025-05-23 12:15:00,57.7650,57.9100,57.3446,57.5200,110010
2025-05-23 12:00:00,57.8100,57.9150,57.4800,57.7500,149393
2025-05-23 11:45:00,57.4150,57.9000,57.3250,57.8250,217248
2025-05-23 11:30:00,57.8100,57.8100,57.1500,57.4300,202910
2025-05-23 11:15:00,57.8000,58.1000,57.4700,57.7600,187118
2025-05-23 11:00:00,57.7400,57.9700,57.3600,57.7700,159903
2025-05-23 10:45:00,57.2300,57.8400,57.0000,57.7500,187200
2025-05-23 10:30:00,57.8800,58.0840,57.1100,57.1800,312639
2025-05-23 10:15:00,58.1500,59.0200,57.9000,57.9750,431165
2025-05-23 10:00:00,59.0500,59.1200,57.9700,58.1500,357651
2025-05-23 09:45:00,58.5600,59.3600,58.5600,59.0700,479498
2025-05-23 09:30:00,59.0000,59.2000,58.0100,58.5400,582505
2025-05-23 09:15:00,60.1000,60.1300,58.9700,58.9700,73729
2025-05-23 09:00:00,59.4600,60.1600,59.4600,60.1000,37834
2025-05-23 08:45:00,58.8600,59.6400,58.7900,59.4600,26190
2025-05-23 08:30:00,58.8400,59.2600,58.7600,58.9700,40122
2025-05-23 08:15:00,59.6000,60.3000,58.8400,58.9500,76733
2025-05-23 08:00:00,57.4900,60.1000,54.7100,59.5800,149724
2025-05-23 07:45:00,57.1300,59.2500,57.1100,59.1900,104278
2025-05-23 07:30:00,55.4900,57.6300,55.4900,57.1000,14442
2025-05-23 07:15:00,55.0500,55.8700,55.0200,55.5900,5100
2025-05-23 07:00:00,55.0500,55.1000,55.0300,55.1000,355
2025-05-23 06:45:00,55.0900,55.1800,55.0400,55.0700,366
2025-05-23 06:30:00,55.1500,55.2300,55.1500,55.2000,242
2025-05-23 06:15:00,55.1500,55.2100,55.1000,55.1000,81
2025-05-23 06:00:00,55.1000,55.1900,55.0300,55.1900,3508
2025-05-23 05:45:00,55.2000,55.3000,55.1000,55.1000,4097
2025-05-23 05:30:00,55.5500,55.5500,55.1800,55.2000,4433
2025-05-23 05:15:00,55.0800,55.5700,55.0800,55.5600,1448
2025-05-23 05:00:00,54.9600,55.1600,54.9600,55.0900,398
2025-05-23 04:45:00,54.8700,54.9200,54.8700,54.9200,268
2025-05-23 04:30:00,54.7600,54.7900,54.7600,54.7900,51
2025-05-23 04:15:00,54.7800,54.8900,54.7600,54.7700,1370
2025-05-23 04:00:00,55.0400,55.0400,54.6900,54.6900,112
2025-05-22 20:00:00,55.1000,55.1000,55.1000,55.1000,14082
2025-05-22 19:45:00,55.0900,55.1500,55.0400,55.0500,919
2025-05-22 19:30:00,55.1000,55.1200,55.0500,55.1200,1262
2025-05-22 19:15:00,55.1400,55.1400,55.0498,55.1200,448
2025-05-22 19:00:00,55.2700,55.2700,55.1800,55.1800,580
2025-05-22 18:45:00,55.0000,55.3000,55.0000,55.2700,3726
2025-05-22 18:30:00,55.1000,55.1000,54.9900,55.0900,15414
2025-05-22 18:15:00,54.9800,54.9800,54.8500,54.8500,106
2025-05-22 18:00:00,54.8500,55.0600,54.8500,55.0000,70
2025-05-22 17:45:00,54.8800,55.1900,54.8100,55.1900,69
2025-05-22 17:30:00,54.8600,54.9100,54.8000,54.8000,3467
2025-05-22 17:15:00,54.9300,55.0700,54.8500,54.9100,16116
2025-05-22 17:00:00,54.8800,55.0000,54.7500,54.8700,13197
2025-05-22 16:45:00,55.0400,55.0400,54.8900,54.9000,962
2025-05-22 16:30:00,55.1600,55.1600,54.5533,55.0200,46104
2025-05-22 16:15:00,55.1500,55.2000,55.0000,55.1700,4889
2025-05-22 16:00:00,55.1350,55.2500,54.9000,55.2285,63071
2025-05-22 15:45:00,54.7900,55.3600,54.5800,55.1350,258692
2025-05-22 15:30:00,54.2400,54.7599,54.2400,54.7550,136367
2025-05-22 15:15:00,54.3350,54.4300,54.2250,54.2608,94374
2025-05-22 15:00:00,54.5000,54.5200,54.2801,54.3650,104780
2025-05-22 14:45:00,54.6500,54.6500,54.3800,54.4950,74129
2025-05-22 14:30:00,54.4750,54.6825,54.4300,54.6700,59238
2025-05-22 14:15:00,54.7000,54.7200,54.3700,54.4900,96167
2025-05-22 14:00:00,54.4850,54.7700,54.4000,54.7050,49924
2025-05-22 13:45:00,54.4500,54.5700,54.3700,54.5150,46563
2025-05-22 13:30:00,54.5900,54.7400,54.4400,54.4500,83279
2025-05-22 13:15:00,55.3500,55.3500,54.6150,54.6600,72661
2025-05-22 13:00:00,55.3600,55.5100,55.2200,55.3600,60675
2025-05-22 12:45:00,54.9299,55.4000,54.9299,55.4000,67036
2025-05-22 12:30:00,54.8000,54.9750,54.7500,54.9000,79056
2025-05-22 12:15:00,54.3200,54.8100,54.2900,54.8100,78359
2025-05-22 12:00:00,54.3900,54.5700,54.2800,54.3100,90576
2025-05-22 11:45:00,54.4900,54.5700,54.3500,54.4000,110901
2025-05-22 11:30:00,55.1000,55.1100,54.4500,54.5000,145909
2025-05-22 11:15:00,55.0500,55.3100,54.7600,55.0600,104604
2025-05-22 11:00:00,55.0000,55.0850,54.7400,55.0450,121745
2025-05-22 10:45:00,55.2900,55.5900,55.0000,55.0261,162872
2025-05-22 10:30:00,54.8700,55.3600,54.7650,55.2800,139465
2025-05-22 10:15:00,54.5900,55.1700,54.4700,54.8650,241767
2025-05-22 10:00:00,54.6400,54.7400,54.2109,54.6000,287016
2025-05-22 09:45:00,55.7500,55.9100,54.6400,54.7100,240794
2025-05-22 09:30:00,56.0200,56.3900,55.4600,55.7150,174293
2025-05-22 09:15:00,55.9500,56.3100,55.9300,56.0300,8904
2025-05-22 09:00:00,55.8400,55.9400,55.5900,55.8700,8909
2025-05-22 08:45:00,56.5000,56.5300,55.8100,55.8300,8753
2025-05-22 08:30:00,57.1300,57.1800,56.4000,56.4600,25377
2025-05-22 08:15:00,56.7600,57.1700,56.7100,57.1000,28676
2025-05-22 08:00:00,56.4800,56.7900,55.0818,56.7800,33209
2025-05-22 07:45:00,55.8800,56.4900,55.8500,56.4900,7531
2025-05-22 07:30:00,55.7300,55.9800,55.6500,55.8800,10958
2025-05-22 07:15:00,55.4400,55.7000,55.3200,55.7000,3852
2025-05-22 07:00:00,55.3800,55.4700,55.1100,55.4700,2937
2025-05-22 06:45:00,55.3200,55.3500,55.2600,55.3500,425
2025-05-22 06:30:00,55.2600,55.3200,55.2600,55.2600,525
2025-05-22 06:15:00,55.3100,55.3100,55.2600,55.2600,125
2025-05-22 06:00:00,55.4200,55.5000,55.3300,55.3300,1960
2025-05-22 05:45:00,55.3300,55.4200,55.3200,55.3600,230
2025-05-22 05:30:00,55.2500,55.3000,55.2100,55.3000,1020
2025-05-22 05:15:00,55.4200,55.4800,55.2900,55.2900,2571
2025-05-22 05:00:00,55.3000,55.4300,55.2600,55.3100,1159
2025-05-22 04:45:00,55.2200,55.3000,55.0800,55.0900,10136
2025-05-22 04:30:00,55.2600,55.4200,55.1800,55.1900,847
2025-05-22 04:15:00,55.5100,55.5100,55.1100,55.2400,2993
2025-05-22 04:00:00,55.2000,55.8200,55.2000,55.4400,4714
2025-05-21 20:00:00,55.6600,55.6600,55.6600,55.6600,13661
2025-05-21 19:45:00,56.0000,56.0000,55.8300,55.9520,2881
2025-05-21 19:30:00,55.9400,56.0000,55.9147,55.9147,2102
2025-05-21 19:15:00,56.1200,56.1200,55.7300,55.8217,3019
2025-05-21 19:00:00,56.1400,56.2100,56.0800,56.1400,5555
2025-05-21 18:45:00,56.1100,56.1600,56.0800,56.0801,4034
2025-05-21 18:30:00,55.6600,56.1596,55.6600,56.1596,19796
2025-05-21 18:15:00,56.2300,56.2300,56.0800,56.0800,3292
2025-05-21 18:00:00,55.9900,56.2600,55.8400,56.2600,13480
2025-05-21 17:45:00,56.0000,56.0500,55.8600,56.0000,1917
2025-05-21 17:30:00,56.1000,56.1000,55.0168,56.0940,300986
2025-05-21 17:15:00,56.0000,56.0600,55.8000,56.0300,2227
2025-05-21 17:00:00,56.1100,56.1300,56.0000,56.0996,13357
2025-05-21 16:45:00,55.9501,56.1000,55.9501,56.0001,5787
2025-05-21 16:30:00,56.1000,56.1500,56.0500,56.0500,3381
2025-05-21 16:15:00,55.9400,56.1100,55.6800,56.1100,7727
2025-05-21 16:00:00,55.6100,56.1000,55.4700,55.8300,58153
2025-05-21 15:45:00,55.5300,55.7900,55.2263,55.6400,611930
2025-05-21 15:30:00,56.2300,56.2300,55.2200,55.5000,350236
2025-05-21 15:15:00,55.4150,56.3750,55.3600,56.2300,464393
2025-05-21 15:00:00,55.3500,56.0200,55.1300,55.4400,374474
2025-05-21 14:45:00,54.7500,55.4500,54.6300,55.3500,378869
2025-05-21 14:30:00,55.0900,55.1200,54.5550,54.7400,268999
2025-05-21 14:15:00,54.9558,55.4500,54.7600,55.0500,249897
2025-05-21 14:00:00,54.6550,55.1600,54.5250,54.9354,273172
2025-05-21 13:45:00,54.1400,54.7700,53.8600,54.6300,404388
2025-05-21 13:30:00,55.3000,55.5800,53.6678,54.1183,473288
2025-05-21 13:15:00,52.9400,55.3011,52.9400,55.2500,624419
2025-05-21 13:00:00,52.4500,52.9500,52.3900,52.9300,131755
2025-05-21 12:45:00,52.3100,52.4200,52.1600,52.4200,125555
2025-05-21 12:30:00,52.3100,52.3726,52.2500,52.3300,96237
2025-05-21 12:15:00,52.3000,52.4700,52.2550,52.3100,104688
2025-05-21 12:00:00,52.3500,52.4400,52.2200,52.3000,86576
2025-05-21 11:45:00,52.3600,52.4400,52.1900,52.3500,80215
2025-05-21 11:30:00,52.3500,52.5900,52.3400,52.3650,72520
2025-05-21 11:15:00,52.4500,52.5100,52.3200,52.3600,111044
2025-05-21 11:00:00,52.6300,52.7400,52.4200,52.4800,92243
2025-05-21 10:45:00,52.8866,53.1100,52.6050,52.6050,109033
2025-05-21 10:30:00,52.9800,53.0400,52.7200,52.8900,101873
2025-05-21 10:15:00,53.1764,53.2000,52.8100,52.9600,122889
2025-05-21 10:00:00,53.1900,53.2700,52.8700,53.1750,192937
2025-05-21 09:45:00,53.2300,53.3500,52.9700,53.2799,124049
2025-05-21 09:30:00,53.1400,53.5100,53.0200,53.2700,302522
2025-05-21 09:15:00,53.3800,53.4000,53.1500,53.2600,12834
2025-05-21 09:00:00,53.0700,53.3300,53.0300,53.3300,37788
2025-05-21 08:45:00,53.1100,53.1470,52.9900,53.0600,2994
2025-05-21 08:30:00,52.9000,53.1500,52.9000,53.1500,3986
2025-05-21 08:15:00,53.0200,53.0200,52.7900,52.8300,3888
2025-05-21 08:00:00,53.1050,53.4200,51.9800,53.0490,22286
2025-05-21 07:45:00,52.7700,52.9000,52.7600,52.8200,472
2025-05-21 07:30:00,52.6800,52.8200,52.6800,52.7500,2430
2025-05-21 07:15:00,52.9200,52.9200,52.6800,52.6800,1857
2025-05-21 07:00:00,53.0600,53.0700,52.9200,53.0100,5544
2025-05-21 06:45:00,53.1600,53.2100,53.0100,53.0400,4302
2025-05-21 06:30:00,53.5200,53.5200,53.2200,53.2200,2066
2025-05-21 06:15:00,53.4400,53.6300,53.4000,53.5600,11438
2025-05-21 06:00:00,53.3000,53.5500,53.3000,53.4700,4534
2025-05-21 05:45:00,53.2900,53.3500,53.1800,53.3000,2160
2025-05-21 05:30:00,52.8500,53.2200,52.8500,53.2200,9447
2025-05-21 05:15:00,52.7700,52.8200,52.7700,52.8200,81
2025-05-21 05:00:00,52.6500,52.7700,52.6500,52.7500,864
2025-05-21 04:45:00,52.6800,52.7800,52.6400,52.7800,450
2025-05-21 04:30:00,52.5300,52.8000,52.4900,52.7100,4459
2025-05-21 04:15:00,52.5600,52.6400,52.5200,52.5200,188
2025-05-21 04:00:00,52.3800,52.5400,52.3800,52.5000,615
2025-05-20 20:00:00,52.0900,52.0900,52.0900,52.0900,3105
2025-05-20 19:45:00,52.2598,52.2600,52.1500,52.1600,1073
2025-05-20 19:30:00,52.1982,52.2000,52.1500,52.2000,1075
2025-05-20 19:15:00,52.2000,52.2000,52.1300,52.2000,4067
2025-05-20 19:00:00,52.2700,52.2700,52.1000,52.1700,1367
2025-05-20 18:45:00,52.2900,52.3600,52.1928,52.2700,2216
2025-05-20 18:30:00,52.0900,52.2600,52.0900,52.2100,4506
2025-05-20 18:15:00,52.4700,52.6000,52.2900,52.2900,2287
2025-05-20 18:00:00,52.0000,52.6000,51.8300,52.4899,41438
2025-05-20 17:45:00,52.0500,52.5410,52.0400,52.1000,1625
2025-05-20 17:30:00,52.5783,52.5783,52.0000,52.0495,3296
2025-05-20 17:15:00,52.1400,52.6900,52.0700,52.2103,1000
2025-05-20 17:00:00,52.0400,52.2257,51.9800,52.2257,2226
2025-05-20 16:45:00,52.0197,52.0200,51.8900,51.8900,10020
2025-05-20 16:30:00,52.0200,52.0200,51.9708,52.0200,5567
2025-05-20 16:15:00,52.1600,52.2200,52.0000,52.0400,4633
2025-05-20 16:00:00,52.0200,52.2500,51.9300,52.1300,16409
2025-05-20 15:45:00,52.5400,52.6000,51.9500,52.0300,841610
2025-05-20 15:30:00,52.7500,52.7500,52.3500,52.5400,237937
2025-05-20 15:15:00,52.8000,52.9050,52.6050,52.7600,176214
2025-05-20 15:00:00,52.9600,53.2697,52.7200,52.7850,236647
2025-05-20 14:45:00,52.9300,52.9900,52.7700,52.9600,118747
2025-05-20 14:30:00,52.8900,53.1200,52.7400,52.9350,213792
2025-05-20 14:15:00,52.2300,52.9300,52.2000,52.8750,182000
2025-05-20 14:00:00,52.2400,52.2600,52.1200,52.2200,83592
2025-05-20 13:45:00,52.2250,52.3600,52.1900,52.2250,91134
2025-05-20 13:30:00,51.9400,52.3250,51.9200,52.1900,96670
2025-05-20 13:15:00,51.9100,52.0638,51.8900,51.9400,104936
2025-05-20 13:00:00,52.0200,52.0500,51.8800,51.8900,63787
2025-05-20 12:45:00,51.9200,52.0300,51.8900,52.0200,116675
2025-05-20 12:30:00,52.3100,52.3300,51.9025,51.9400,159152
2025-05-20 12:15:00,52.4700,52.5000,52.2550,52.3100,116321
2025-05-20 12:00:00,52.2700,52.4800,52.1550,52.4650,217897
2025-05-20 11:45:00,52.6150,52.6200,52.2200,52.2700,115676
2025-05-20 11:30:00,52.6100,52.6550,52.3900,52.6200,171117
2025-05-20 11:15:00,52.7900,52.8000,52.5900,52.6100,115028
2025-05-20 11:00:00,53.0200,53.1400,52.7200,52.8000,165663
2025-05-20 10:45:00,52.8200,53.0200,52.7400,53.0200,135676
2025-05-20 10:30:00,53.3100,53.3150,52.7800,52.8200,157615
2025-05-20 10:15:00,53.2400,53.3600,53.0200,53.3000,169241
2025-05-20 10:00:00,52.7600,53.3500,52.7050,53.2800,181838
2025-05-20 09:45:00,52.5500,52.8600,52.4500,52.7800,255666
2025-05-20 09:30:00,52.2800,52.5900,52.2300,52.5600,169734
2025-05-20 09:15:00,52.3400,52.4800,52.2400,52.3000,13254
2025-05-20 09:00:00,52.4400,52.4400,52.3400,52.3799,3329
2025-05-20 08:45:00,52.4971,52.5400,52.3400,52.4500,5260
2025-05-20 08:30:00,52.5300,52.5600,52.4817,52.5300,4658
2025-05-20 08:15:00,52.5800,52.5800,52.4800,52.5500,2356
2025-05-20 08:00:00,52.6000,53.7400,52.4800,52.5400,14743
2025-05-20 07:45:00,52.5000,52.5400,52.4900,52.5300,858
2025-05-20 07:30:00,52.5100,52.5400,52.4900,52.5200,1361
2025-05-20 07:15:00,52.5400,52.5500,52.5000,52.5000,1159
2025-05-20 07:00:00,52.6500,52.6500,52.5200,52.5400,2074
2025-05-20 06:45:00,52.7700,52.7800,52.6800,52.6800,969
2025-05-20 06:30:00,52.7800,52.8500,52.7800,52.8500,1003
2025-05-20 06:15:00,52.8000,52.8100,52.7500,52.8000,935
2025-05-20 06:00:00,52.8900,52.9200,52.8000,52.8000,1776
2025-05-20 05:45:00,52.8900,52.9000,52.8800,52.8900,2256
2025-05-20 05:30:00,52.8800,52.9000,52.8200,52.8400,1368
2025-05-20 05:15:00,52.9300,52.9300,52.8500,52.8800,281
2025-05-20 05:00:00,52.9600,52.9700,52.8300,52.9300,1270
2025-05-20 04:45:00,52.8900,52.9500,52.8100,52.9400,769
2025-05-20 04:30:00,52.9000,52.9200,52.8900,52.9000,650
2025-05-20 04:15:00,52.9500,52.9500,52.8200,52.8600,420
2025-05-20 04:00:00,53.1300,53.1300,52.8500,52.9400,2605
2025-05-19 20:00:00,52.4700,52.4700,52.4700,52.4700,1695
2025-05-19 19:45:00,52.6800,52.7500,52.5800,52.7200,4381
2025-05-19 19:30:00,52.7000,52.7700,52.6000,52.6008,1938
2025-05-19 19:15:00,52.7400,52.7500,52.6900,52.6900,563
2025-05-19 19:00:00,52.8300,52.8300,52.7000,52.7000,111
2025-05-19 18:45:00,52.6900,52.8500,52.6700,52.7500,1034
2025-05-19 18:30:00,52.4700,52.7100,52.4700,52.7100,5470
2025-05-19 18:15:00,52.5500,52.5900,52.5500,52.5700,534
2025-05-19 18:00:00,52.5900,52.5900,52.5499,52.5499,49
2025-05-19 17:45:00,52.4800,52.5000,52.4500,52.5000,1423
2025-05-19 17:30:00,52.5800,52.6492,52.4550,52.4550,2695
2025-05-19 17:15:00,52.6497,52.6500,52.5300,52.5800,1772
2025-05-19 17:00:00,52.6400,52.6400,52.4500,52.4900,1180
2025-05-19 16:45:00,52.5000,52.5700,52.5000,52.5300,248
2025-05-19 16:30:00,52.6100,52.6100,52.5100,52.5100,2536
2025-05-19 16:15:00,52.6200,52.6500,52.6000,52.6000,779
2025-05-19 16:00:00,52.4900,52.6400,52.4100,52.6000,9871
2025-05-19 15:45:00,52.5810,52.6350,52.3600,52.4650,355527
2025-05-19 15:30:00,52.7200,52.7250,52.5500,52.5700,130653
2025-05-19 15:15:00,52.4900,52.8300,52.4800,52.7001,122165
2025-05-19 15:00:00,52.3400,52.5400,52.3000,52.4900,139627
2025-05-19 14:45:00,52.4300,52.5000,52.3500,52.3500,98041
2025-05-19 14:30:00,52.4700,52.5450,52.2900,52.4300,147012
2025-05-19 14:15:00,52.3700,52.6700,52.3500,52.4500,123725
2025-05-19 14:00:00,52.2500,52.3100,52.1150,52.3050,93362
2025-05-19 13:45:00,52.3100,52.3900,52.2100,52.2450,79673
2025-05-19 13:30:00,52.2300,52.3350,52.1900,52.3000,107224
2025-05-19 13:15:00,52.2450,52.2825,52.0700,52.2400,69417
2025-05-19 13:00:00,52.3500,52.3850,52.1600,52.2400,88145
2025-05-19 12:45:00,52.4600,52.4600,52.2450,52.3300,89442
2025-05-19 12:30:00,52.1900,52.4600,52.1900,52.4600,62740
2025-05-19 12:15:00,52.6099,52.6300,52.1850,52.1900,103967
2025-05-19 12:00:00,52.7000,52.8000,52.5400,52.6100,108565
2025-05-19 11:45:00,52.5400,52.8200,52.4650,52.7333,135404
2025-05-19 11:30:00,52.8900,52.9100,52.4301,52.5500,202102
2025-05-19 11:15:00,52.8650,52.9450,52.7500,52.9300,87375
2025-05-19 11:00:00,52.9250,52.9700,52.7801,52.8800,101397
2025-05-19 10:45:00,52.8700,53.0450,52.7800,52.9200,180864
2025-05-19 10:30:00,53.0100,53.2200,52.8200,52.8800,164217
2025-05-19 10:15:00,52.8900,53.1900,52.6600,53.0150,179019
2025-05-19 10:00:00,53.2800,53.4100,52.7300,52.8700,291507
2025-05-19 09:45:00,53.3200,53.5500,53.2400,53.2791,158831
2025-05-19 09:30:00,53.8800,54.2350,53.2300,53.3700,418586
2025-05-19 09:15:00,54.2000,54.4100,54.0400,54.0700,22431
2025-05-19 09:00:00,53.9300,54.2500,53.8500,54.2200,20207
2025-05-19 08:45:00,54.0300,54.0700,53.9000,53.9100,12995
2025-05-19 08:30:00,54.1700,54.2500,54.0000,54.0500,12542
2025-05-19 08:15:00,54.1000,54.3000,54.0701,54.2000,6001
2025-05-19 08:00:00,54.5050,54.8876,54.0215,54.0215,42972
2025-05-19 07:45:00,54.2800,54.2800,54.1100,54.1600,3333
2025-05-19 07:30:00,54.2800,54.4500,54.2800,54.3100,23740
2025-05-19 07:15:00,54.3400,54.3700,54.1200,54.2800,33969
2025-05-19 07:00:00,54.4800,54.5400,54.2800,54.3300,23937
2025-05-19 06:45:00,54.4600,54.5300,54.3700,54.5000,8235
2025-05-19 06:30:00,54.7000,54.7400,54.4900,54.5200,4370
2025-05-19 06:15:00,54.8400,54.8700,54.5900,54.6800,7577
2025-05-19 06:00:00,54.7000,54.9600,54.7000,54.8900,9139
2025-05-19 05:45:00,54.6300,54.7300,54.6300,54.6800,3665
2025-05-19 05:30:00,54.6000,54.6600,54.5100,54.6200,3743
2025-05-19 05:15:00,54.7700,54.8000,54.6000,54.6000,5223
2025-05-19 05:00:00,54.7700,54.9000,54.7400,54.7700,2273
2025-05-19 04:45:00,54.8500,54.8800,54.6300,54.7400,7745
2025-05-19 04:30:00,54.6900,54.8800,54.6000,54.8800,12543
2025-05-19 04:15:00,54.3800,54.7200,54.3000,54.7200,14373
2025-05-19 04:00:00,54.3900,54.4600,54.1000,54.3500,27462
2025-05-16 20:00:00,51.8300,51.8300,51.8300,51.8300,6695
2025-05-16 19:45:00,54.3918,54.7400,54.3000,54.3000,10040
2025-05-16 19:30:00,54.3200,54.5000,54.0800,54.4500,2214
2025-05-16 19:15:00,54.3200,54.5500,53.7500,54.3200,6696
2025-05-16 19:00:00,54.3500,54.4900,53.5000,54.3000,5791
2025-05-16 18:45:00,54.5800,55.2500,54.0000,54.3900,14572
2025-05-16 18:30:00,54.4200,54.6400,51.8300,54.4000,12959
2025-05-16 18:15:00,53.1499,54.4700,53.1400,54.2678,15349
2025-05-16 18:00:00,53.3417,53.3600,52.9000,53.1500,11589
2025-05-16 17:45:00,53.1900,53.4000,52.8000,53.1100,30867
2025-05-16 17:30:00,52.8000,53.3900,52.8000,53.1900,17424
2025-05-16 17:15:00,52.8400,53.0500,52.5700,52.8000,10001
2025-05-16 17:00:00,52.6900,52.8900,52.5000,52.6400,19419
2025-05-16 16:45:00,51.9600,52.8900,51.9500,52.7000,36156
2025-05-16 16:30:00,51.9500,52.0167,51.9300,51.9400,1209
2025-05-16 16:15:00,51.8900,51.9800,51.8600,51.9500,802738
2025-05-16 16:00:00,51.8600,51.9800,51.7500,51.8800,33525
2025-05-16 15:45:00,52.0500,52.0900,51.7700,51.8600,599920
2025-05-16 15:30:00,52.2200,52.2998,52.0250,52.0500,245623
2025-05-16 15:15:00,51.9600,52.2475,51.9400,52.2100,305009
2025-05-16 15:00:00,51.7300,51.9900,51.6600,51.9600,175123
2025-05-16 14:45:00,51.6700,51.7575,51.6400,51.7393,88747
2025-05-16 14:30:00,51.6200,51.7500,51.6100,51.6700,129778
2025-05-16 14:15:00,51.8200,51.8300,51.6000,51.6100,139974
2025-05-16 14:00:00,51.9500,51.9900,51.8000,51.8300,124335
2025-05-16 13:45:00,51.6000,51.9950,51.5800,51.9500,117135
2025-05-16 13:30:00,51.5500,51.6250,51.5500,51.5950,75587
2025-05-16 13:15:00,51.3157,51.5600,51.2400,51.5600,97826
2025-05-16 13:00:00,51.3800,51.4200,51.2850,51.3100,88585
2025-05-16 12:45:00,51.4500,51.4600,51.3100,51.3800,90564
2025-05-16 12:30:00,51.4300,51.4700,51.3300,51.4650,100035
2025-05-16 12:15:00,51.3300,51.4800,51.2850,51.4125,85163
2025-05-16 12:00:00,51.5700,51.5850,51.3050,51.3300,137940
2025-05-16 11:45:00,51.4700,51.5900,51.4485,51.5600,114924
2025-05-16 11:30:00,51.6600,51.6700,51.4650,51.4800,144495
2025-05-16 11:15:00,51.7400,51.8800,51.6500,51.6700,76652
2025-05-16 11:00:00,51.8900,51.8900,51.6900,51.7301,85381
2025-05-16 10:45:00,52.2800,52.3100,51.8200,51.9000,194860
2025-05-16 10:30:00,51.7452,52.2800,51.7400,52.2550,340171
2025-05-16 10:15:00,51.8954,51.9200,51.6100,51.7600,155080
2025-05-16 10:00:00,51.6200,51.9300,51.5500,51.9099,227626
2025-05-16 09:45:00,51.9200,51.9200,51.5300,51.6180,218350
2025-05-16 09:30:00,51.5900,52.0300,51.5700,51.9200,178143
2025-05-16 09:15:00,51.5700,51.6900,51.5500,51.5500,8250
2025-05-16 09:00:00,51.5900,51.6000,51.5500,51.5700,2937
2025-05-16 08:45:00,51.5400,51.5800,51.4700,51.5700,2734
2025-05-16 08:30:00,51.4600,51.5800,51.3900,51.5400,10817
2025-05-16 08:15:00,51.4800,51.5100,51.4100,51.4600,57200
2025-05-16 08:00:00,52.0332,52.3087,51.3600,51.4700,7207
2025-05-16 07:45:00,51.5700,51.5900,51.5100,51.5100,1705
2025-05-16 07:30:00,51.6000,51.6400,51.5800,51.6300,448
2025-05-16 07:15:00,51.6200,51.6200,51.5500,51.6100,1821
2025-05-16 07:00:00,51.6000,51.6300,51.5300,51.5900,5752
2025-05-16 06:45:00,51.4900,51.5200,51.4600,51.5000,3635
2025-05-16 06:30:00,51.5300,51.5300,51.4700,51.4700,3910
2025-05-16 06:15:00,51.6200,51.6400,51.5400,51.5600,1058
2025-05-16 06:00:00,51.6600,51.6800,51.6300,51.6300,993
2025-05-16 05:45:00,51.6700,51.6700,51.6000,51.6000,290
2025-05-16 05:30:00,51.6100,51.6800,51.5700,51.6300,1223
2025-05-16 05:15:00,51.6000,51.6400,51.5700,51.6000,1012
2025-05-16 05:00:00,51.6400,51.6400,51.6300,51.6300,248
2025-05-16 04:45:00,51.6000,51.6200,51.6000,51.6100,122
2025-05-16 04:30:00,51.6600,51.6700,51.5900,51.6300,1966
2025-05-16 04:15:00,51.6400,51.7000,51.6000,51.6800,1731
2025-05-16 04:00:00,51.8000,52.0500,51.6100,51.6100,1668
2025-05-15 20:00:00,52.0700,52.0700,52.0700,52.0700,1167
2025-05-15 19:45:00,52.1000,52.1100,52.0600,52.0600,289
2025-05-15 19:30:00,52.1200,52.1900,52.0500,52.0510,1343
2025-05-15 19:15:00,52.0700,52.1664,52.0700,52.1200,216
2025-05-15 19:00:00,52.1500,52.1900,52.0700,52.1200,48
2025-05-15 18:45:00,52.0600,52.1700,52.0600,52.1200,1600
2025-05-15 18:30:00,52.0700,52.1000,52.0597,52.0597,1714
2025-05-15 18:15:00,52.1200,52.1400,52.1000,52.1000,112
2025-05-15 18:00:00,52.0700,52.1200,52.0700,52.0703,126
2025-05-15 17:45:00,52.1481,52.1481,52.1200,52.1200,140
2025-05-15 17:15:00,52.3498,52.3900,52.0500,52.1300,397
2025-05-15 17:00:00,52.0500,52.3900,52.0500,52.3900,2007
2025-05-15 16:45:00,52.0700,52.0900,52.0500,52.0793,3502
2025-05-15 16:30:00,52.0600,52.1000,52.0300,52.1000,2345
2025-05-15 16:15:00,52.0800,52.3777,52.0000,52.0400,381938
2025-05-15 16:00:00,51.9900,52.3900,51.9900,52.0900,10014
2025-05-15 15:45:00,52.3000,52.3300,51.9900,52.0400,489940
2025-05-15 15:30:00,52.3900,52.4000,52.1900,52.3000,134657
2025-05-15 15:15:00,52.2800,52.4600,52.1500,52.3946,231464
2025-05-15 15:00:00,52.3400,52.4100,52.1900,52.2700,199843
2025-05-15 14:45:00,52.5000,52.5100,52.1700,52.3400,167379
2025-05-15 14:30:00,52.5600,52.5800,52.4100,52.4800,141338
2025-05-15 14:15:00,52.5400,52.6602,52.5000,52.5600,115844
2025-05-15 14:00:00,52.5050,52.6100,52.4700,52.5300,67029
2025-05-15 13:45:00,52.4200,52.5600,52.3900,52.5000,88351
2025-05-15 13:30:00,52.5986,52.6500,52.3500,52.4250,93458
2025-05-15 13:15:00,52.6800,52.7100,52.4200,52.5900,98618
2025-05-15 13:00:00,52.7600,52.7650,52.5900,52.6800,106031
2025-05-15 12:45:00,52.7700,52.8400,52.7250,52.7600,61461
2025-05-15 12:30:00,52.9300,53.0400,52.7868,52.7875,97213
2025-05-15 12:15:00,53.0000,53.0800,52.9200,52.9350,98686
2025-05-15 12:00:00,52.9000,53.0300,52.8400,52.9800,120213
2025-05-15 11:45:00,52.9247,53.0800,52.8500,52.9100,140670
2025-05-15 11:30:00,52.8700,53.0100,52.8650,52.9300,137687
2025-05-15 11:15:00,52.8400,53.0000,52.6854,52.8700,176642
2025-05-15 11:00:00,53.0850,53.1000,52.8200,52.8498,171201
2025-05-15 10:45:00,53.1200,53.3400,53.0450,53.0940,128543
2025-05-15 10:30:00,53.5600,53.5600,53.0100,53.1201,186014
2025-05-15 10:15:00,53.4900,53.7100,53.2700,53.5650,110096
2025-05-15 10:00:00,53.4600,53.7400,53.1800,53.4700,189983
2025-05-15 09:45:00,53.5537,53.9750,53.4700,53.4900,162247
2025-05-15 09:30:00,53.4300,53.9000,53.2400,53.6000,230631
2025-05-15 09:15:00,53.4500,53.5900,53.3600,53.4600,31581
2025-05-15 09:00:00,53.5784,53.5800,53.4000,53.4400,1508
2025-05-15 08:45:00,53.4400,53.7400,53.3500,53.5300,13110
2025-05-15 08:30:00,53.7300,53.7700,53.3500,53.4600,13584
2025-05-15 08:15:00,53.7800,53.8500,53.7500,53.8200,2036
2025-05-15 08:00:00,53.7500,53.9717,53.3200,53.8100,7861
2025-05-15 07:45:00,53.6700,53.7500,53.6000,53.6000,7118
2025-05-15 07:30:00,53.6000,53.6500,53.5700,53.5700,655
2025-05-15 07:15:00,53.7400,53.8000,53.6000,53.6100,2209
2025-05-15 07:00:00,53.7900,53.8100,53.7000,53.7400,731
2025-05-15 06:45:00,53.9300,53.9300,53.7800,53.8100,2399
2025-05-15 06:30:00,53.8800,53.9500,53.8600,53.8600,1997
2025-05-15 06:15:00,53.8700,53.9600,53.8600,53.9300,1991
2025-05-15 06:00:00,53.8100,53.9400,53.8100,53.9200,1135
2025-05-15 05:45:00,53.9100,53.9100,53.8000,53.8000,1486
2025-05-15 05:30:00,53.8200,53.9800,53.8200,53.8900,2097
2025-05-15 05:15:00,54.0000,54.3200,53.8000,53.8400,31577
2025-05-15 05:00:00,53.7900,54.0000,53.7900,54.0000,2155
2025-05-15 04:45:00,53.6500,53.9200,53.6500,53.9100,2119
2025-05-15 04:30:00,53.4900,53.6600,53.4900,53.6600,1955
2025-05-15 04:15:00,53.5500,53.5500,53.4700,53.5000,3343
2025-05-15 04:00:00,53.7700,53.7700,53.3900,53.5800,1285
2025-05-14 20:00:00,52.9400,52.9400,52.9400,52.9400,5682
2025-05-14 19:45:00,53.3300,53.3588,53.1900,53.2700,1656
2025-05-14 19:30:00,53.4000,53.4000,53.2500,53.3800,1536
2025-05-14 19:15:00,53.2300,53.3700,53.2115,53.3600,638
2025-05-14 19:00:00,53.0900,53.2500,53.0600,53.2500,1124
2025-05-14 18:45:00,53.1500,53.1500,53.0000,53.1300,2879
2025-05-14 18:30:00,52.9400,53.2882,52.9400,53.1400,5979
2025-05-14 18:15:00,53.3800,53.4100,53.2000,53.2885,3095
2025-05-14 18:00:00,53.1000,53.3500,53.1000,53.3500,7497
2025-05-14 17:45:00,53.1300,53.1900,53.0000,53.0000,252
2025-05-14 17:30:00,53.0100,53.1500,53.0000,53.1300,2895
2025-05-14 17:15:00,53.0000,53.0800,52.9504,53.0000,3931
2025-05-14 17:00:00,53.0500,53.0800,52.9500,53.0800,516
2025-05-14 16:45:00,53.0000,53.0700,52.9700,52.9700,523
2025-05-14 16:30:00,53.0500,53.0500,52.9900,53.0000,256
2025-05-14 16:15:00,53.0000,53.0300,53.0000,53.0000,47
2025-05-14 16:00:00,52.9400,53.2500,52.7500,53.0800,39053
2025-05-14 15:45:00,52.6500,52.9500,52.5500,52.8800,396892
2025-05-14 15:30:00,52.5300,52.7250,52.4900,52.6600,175461
2025-05-14 15:15:00,52.1800,52.5800,52.1100,52.5300,157693
2025-05-14 15:00:00,52.0202,52.3100,52.0000,52.1900,113932
2025-05-14 14:45:00,52.0000,52.1600,51.9600,52.0300,76792
2025-05-14 14:30:00,52.3000,52.3000,51.9900,52.0000,117020
2025-05-14 14:15:00,52.2200,52.3900,52.0300,52.3000,134504
2025-05-14 14:00:00,52.3700,52.4000,52.0452,52.2100,110530
2025-05-14 13:45:00,52.5500,52.6400,52.3700,52.3700,82042
2025-05-14 13:30:00,52.9500,52.9950,52.4700,52.5450,173497
2025-05-14 13:15:00,52.8600,53.1700,52.8500,52.9900,202756
2025-05-14 13:00:00,52.6550,52.8900,52.6550,52.8600,118691
2025-05-14 12:45:00,52.6600,52.7100,52.5400,52.6650,84123
2025-05-14 12:30:00,52.5600,52.6800,52.3800,52.6789,114059
2025-05-14 12:15:00,52.5451,52.6100,52.5000,52.5900,55753
2025-05-14 12:00:00,52.5450,52.5900,52.3850,52.5200,64809
2025-05-14 11:45:00,52.3000,52.6500,52.2996,52.5200,112919
2025-05-14 11:30:00,52.3050,52.4900,52.2900,52.3100,69251
2025-05-14 11:15:00,52.4000,52.5100,52.2200,52.3000,125962
2025-05-14 11:00:00,52.3100,52.7800,52.2900,52.3900,268633
2025-05-14 10:45:00,52.4540,52.5263,52.2699,52.3100,138961
2025-05-14 10:30:00,52.2900,52.4800,52.1400,52.4500,585338
2025-05-14 10:15:00,52.4900,52.6298,52.2900,52.2950,90293
2025-05-14 10:00:00,52.2000,52.6400,52.1600,52.4700,149548
2025-05-14 09:45:00,52.3000,52.5800,52.1100,52.1800,267854
2025-05-14 09:30:00,51.9100,52.2600,51.8100,52.2500,359165
2025-05-14 09:15:00,51.7413,51.9000,51.7100,51.8600,3016
2025-05-14 09:00:00,51.8400,51.9000,51.7300,51.7700,3925
2025-05-14 08:45:00,51.9300,51.9600,51.7700,51.7700,2667
2025-05-14 08:30:00,51.7500,51.9200,51.6900,51.9000,3661
2025-05-14 08:15:00,51.7200,51.7873,51.6800,51.7500,4516
2025-05-14 08:00:00,51.8100,52.2500,51.5200,51.7600,4154
2025-05-14 07:45:00,51.8300,51.9200,51.8100,51.8300,2667
2025-05-14 07:30:00,51.7500,51.8300,51.7300,51.8300,1252
2025-05-14 07:15:00,51.8000,51.8900,51.7300,51.7300,2974
2025-05-14 07:00:00,52.0800,52.0900,51.7800,51.7800,2290
2025-05-14 06:45:00,52.0800,52.0800,52.0500,52.0500,104
2025-05-14 06:30:00,52.0300,52.1000,52.0000,52.0200,1775
2025-05-14 06:15:00,52.1700,52.1900,52.0600,52.0600,851
2025-05-14 06:00:00,52.0800,52.1400,52.0200,52.1400,1218
2025-05-14 05:45:00,51.9500,52.0800,51.9500,52.0800,413
2025-05-14 05:30:00,51.8100,51.8600,51.8100,51.8600,179
2025-05-14 05:15:00,51.8600,51.8600,51.7400,51.7400,222
2025-05-14 05:00:00,51.7700,51.8800,51.7700,51.8300,624
2025-05-14 04:45:00,51.6500,51.6600,51.5000,51.6400,6697
2025-05-14 04:30:00,51.7000,51.7500,51.6900,51.7000,882
2025-05-14 04:15:00,51.7000,51.7100,51.5400,51.6900,1478
2025-05-14 04:00:00,52.0500,52.0500,51.6000,51.6000,2850
2025-05-13 20:00:00,51.8200,51.8200,51.8200,51.8200,1249
2025-05-13 19:45:00,52.1597,52.1700,52.1001,52.1001,858
2025-05-13 19:30:00,52.2800,52.3000,52.1500,52.1500,249
2025-05-13 19:15:00,52.2600,52.3300,52.2500,52.3300,141
2025-05-13 19:00:00,52.4600,52.4600,52.2700,52.3699,570
2025-05-13 18:45:00,52.4500,52.5000,52.4200,52.4200,601
2025-05-13 18:30:00,51.8200,52.4993,51.8200,52.4400,2887
2025-05-13 18:15:00,52.4800,52.5000,52.4500,52.5000,4985
2025-05-13 18:00:00,52.2500,52.6100,52.2200,52.4600,13033
2025-05-13 17:45:00,52.2500,52.2600,52.2000,52.2500,173
2025-05-13 17:30:00,52.2000,52.5000,52.1100,52.5000,1176
2025-05-13 17:15:00,52.1900,52.3200,52.1000,52.1100,2970
2025-05-13 17:00:00,52.2000,52.3000,52.2000,52.2100,5076
2025-05-13 16:45:00,52.1700,52.2135,52.1700,52.2000,6165
2025-05-13 16:30:00,51.0766,52.1800,51.0766,52.1600,157907
2025-05-13 16:15:00,52.0200,52.2070,51.9601,52.1450,5556
2025-05-13 16:00:00,51.8700,52.0900,51.5300,52.0200,21024
2025-05-13 15:45:00,51.4600,51.9000,51.4200,51.8600,452719
2025-05-13 15:30:00,51.3688,51.5000,51.3300,51.4600,142064
2025-05-13 15:15:00,51.2100,51.4400,51.1900,51.3700,129406
2025-05-13 15:00:00,51.0549,51.2300,51.0549,51.2200,48030
2025-05-13 14:45:00,51.0850,51.1300,51.0038,51.0700,95227
2025-05-13 14:30:00,51.0600,51.1400,50.9800,51.1000,142353
2025-05-13 14:15:00,51.3200,51.3400,51.0601,51.0700,108054
2025-05-13 14:00:00,51.3200,51.5050,51.2700,51.3336,114563
2025-05-13 13:45:00,51.2000,51.3300,51.1550,51.3299,87497
2025-05-13 13:30:00,51.0500,51.2000,51.0300,51.2000,60858
2025-05-13 13:15:00,51.0600,51.0750,50.9800,51.0600,153253
2025-05-13 13:00:00,51.0800,51.1000,50.9800,51.0500,66885
2025-05-13 12:45:00,51.0100,51.1100,50.9700,51.0750,463061
2025-05-13 12:30:00,51.0700,51.2000,51.0000,51.0250,236103
2025-05-13 12:15:00,51.1700,51.2500,51.0300,51.0675,63837
2025-05-13 12:00:00,51.1900,51.3600,51.1800,51.1800,94492
2025-05-13 11:45:00,51.2200,51.3600,51.0700,51.1900,109239
2025-05-13 11:30:00,51.1850,51.2300,51.0600,51.2057,73032
2025-05-13 11:15:00,51.2000,51.2200,51.0200,51.1850,141428
2025-05-13 11:00:00,50.9100,51.2200,50.8800,51.2100,165897
2025-05-13 10:45:00,51.0900,51.1800,50.8800,50.9000,239153
2025-05-13 10:30:00,50.6900,51.1700,50.6100,51.1000,331512
2025-05-13 10:15:00,50.4000,50.7450,50.3400,50.6899,285926
2025-05-13 10:00:00,50.5800,50.6700,50.2850,50.3994,288198
2025-05-13 09:45:00,50.9750,51.0499,50.5400,50.5850,172131
2025-05-13 09:30:00,51.3600,51.4200,50.9001,50.9700,251206
2025-05-13 09:15:00,51.4100,51.4600,51.2100,51.3300,15936
2025-05-13 09:00:00,51.7400,51.7600,51.4100,51.4192,8605
2025-05-13 08:45:00,51.9200,52.0200,51.7400,51.8500,5664
2025-05-13 08:30:00,52.1800,52.1800,51.5000,51.8800,36033
2025-05-13 08:15:00,52.3000,52.3389,52.1900,52.1900,9577
2025-05-13 08:00:00,52.7600,52.8100,52.2300,52.3001,5525
2025-05-13 07:45:00,52.4800,52.5000,52.3100,52.3100,3097
2025-05-13 07:30:00,52.7000,52.7000,52.4100,52.4100,4141
2025-05-13 07:15:00,52.6300,52.7200,52.5600,52.6800,4325
2025-05-13 07:00:00,52.7800,52.8100,52.6700,52.6700,1036
2025-05-13 06:45:00,52.7300,52.7700,52.6200,52.7700,1970
2025-05-13 06:30:00,52.8000,52.8100,52.7000,52.7000,5823
2025-05-13 06:15:00,52.8000,52.8200,52.7500,52.8200,2108
2025-05-13 06:00:00,52.7200,52.8300,52.7000,52.7900,2065
2025-05-13 05:45:00,52.7300,52.8500,52.7300,52.7600,1701
2025-05-13 05:30:00,52.8200,52.8500,52.7200,52.7200,1421
2025-05-13 05:15:00,52.9000,52.9300,52.8300,52.8400,1244
2025-05-13 05:00:00,52.8300,52.8400,52.8300,52.8300,128
2025-05-13 04:45:00,52.7700,52.9000,52.7700,52.8000,570
2025-05-13 04:30:00,52.7200,52.7700,52.6600,52.7700,139
2025-05-13 04:15:00,52.8600,52.9000,52.6500,52.7900,1102
2025-05-13 04:00:00,52.5100,52.9800,52.5100,52.9500,3149
2025-05-12 20:00:00,52.1700,52.1700,52.1700,52.1700,64430
2025-05-12 19:45:00,52.1000,52.1688,52.1000,52.1400,1412
2025-05-12 19:30:00,52.0001,52.1700,52.0001,52.1694,180
2025-05-12 19:15:00,52.1195,52.1195,52.0000,52.0200,2399
2025-05-12 19:00:00,52.1400,52.1600,52.0500,52.0500,3097
2025-05-12 18:45:00,52.1799,52.1800,52.1400,52.1700,479
2025-05-12 18:30:00,52.1700,52.1800,52.1400,52.1800,65273
2025-05-12 18:15:00,52.0500,52.1400,52.0500,52.1300,2520
2025-05-12 18:00:00,52.1800,52.1800,52.0000,52.0001,2065
2025-05-12 17:45:00,52.1800,52.1980,52.1800,52.1900,1236
2025-05-12 17:30:00,52.1400,52.2108,52.1400,52.1900,187
2025-05-12 17:15:00,52.2200,52.2200,52.1350,52.1800,858
2025-05-12 17:00:00,52.1700,52.7313,52.0405,52.1100,500711
2025-05-12 16:45:00,52.1100,52.1391,52.0700,52.0700,1896
2025-05-12 16:30:00,52.1000,52.1400,52.0800,52.1399,2288
2025-05-12 16:15:00,52.1100,52.1700,52.0400,52.1000,973
2025-05-12 16:00:00,52.1200,52.2200,51.9600,52.1500,243861
2025-05-12 15:45:00,52.3700,52.4500,52.0900,52.1400,526454
2025-05-12 15:30:00,52.7100,52.7600,52.3500,52.3700,200400
2025-05-12 15:15:00,52.7100,52.7700,52.5500,52.7150,195209
2025-05-12 15:00:00,52.5300,52.7950,52.4800,52.7200,111706
2025-05-12 14:45:00,52.5050,52.5900,52.4300,52.5250,123928
2025-05-12 14:30:00,52.6600,52.6600,52.5000,52.5100,140964
2025-05-12 14:15:00,52.8800,52.8800,52.6400,52.6800,161627
2025-05-12 14:00:00,53.1300,53.1400,52.8750,52.8800,109743
2025-05-12 13:45:00,53.3290,53.4050,53.0800,53.1400,100800
2025-05-12 13:30:00,53.3700,53.3800,53.3100,53.3300,49196
2025-05-12 13:15:00,53.2700,53.3900,53.2600,53.3800,94892
2025-05-12 13:00:00,53.2750,53.3700,53.0950,53.2700,145612
2025-05-12 12:45:00,53.2850,53.3300,53.2400,53.2800,129488
2025-05-12 12:30:00,53.4200,53.4550,53.2800,53.2850,126805
2025-05-12 12:15:00,53.7900,53.8300,53.4000,53.4200,161946
2025-05-12 12:00:00,53.9800,54.0463,53.7800,53.7900,91490
2025-05-12 11:45:00,53.9300,54.0700,53.7900,53.9600,96224
2025-05-12 11:30:00,54.1950,54.1950,53.7800,53.9300,213364
2025-05-12 11:15:00,54.2220,54.4100,54.1075,54.1950,151602
2025-05-12 11:00:00,54.3800,54.4600,54.1500,54.2300,299272
2025-05-12 10:45:00,54.4300,54.4800,54.1789,54.4399,204195
2025-05-12 10:30:00,54.7000,54.9820,54.4100,54.4150,345392
2025-05-12 10:15:00,54.3900,54.7500,54.1600,54.6800,349899
2025-05-12 10:00:00,54.7000,54.8100,54.2850,54.3950,545052
2025-05-12 09:45:00,54.9600,55.0100,54.6100,54.7150,747197
2025-05-12 09:30:00,55.4400,55.5000,54.7450,54.9726,590354
2025-05-12 09:15:00,55.7400,55.7400,55.2200,55.3000,34968
2025-05-12 09:00:00,55.9300,55.9500,55.6201,55.7200,15181
2025-05-12 08:45:00,55.9400,55.9700,55.8100,55.9300,13678
2025-05-12 08:30:00,55.8200,55.9700,55.7500,55.9400,12779
2025-05-12 08:15:00,55.9500,56.0000,55.8300,55.8583,17263
2025-05-12 08:00:00,56.0000,59.9500,55.8340,56.0000,68548
2025-05-12 07:45:00,55.9800,56.0200,55.8500,55.9000,8602
2025-05-12 07:30:00,56.0000,56.2000,55.9300,56.0400,10103
2025-05-12 07:15:00,55.9600,56.0200,55.8700,56.0200,20083
2025-05-12 07:00:00,56.0500,56.1200,55.8400,56.0000,61429
2025-05-12 06:45:00,56.1000,56.1400,56.0000,56.0100,11785
2025-05-12 06:30:00,56.0700,56.1400,56.0000,56.0700,18885
2025-05-12 06:15:00,56.1400,56.1800,56.0000,56.0400,2776
2025-05-12 06:00:00,56.0500,56.1300,56.0000,56.1300,3541
2025-05-12 05:45:00,56.0500,56.0900,56.0000,56.0300,14366
2025-05-12 05:30:00,56.1100,56.1200,56.0000,56.0700,728
2025-05-12 05:15:00,56.0000,56.1300,55.9300,56.0400,13822
2025-05-12 05:00:00,56.0500,56.1700,55.9200,56.0400,23188
2025-05-12 04:45:00,56.2800,56.3400,55.9000,56.0600,55181
2025-05-12 04:30:00,56.4000,56.4400,56.2800,56.3300,824
2025-05-12 04:15:00,56.4800,56.5400,56.3500,56.4400,4269
2025-05-12 04:00:00,56.4300,57.5700,56.3000,56.3700,17115
2025-05-09 20:00:00,59.9500,59.9500,59.9500,59.9500,63549
2025-05-09 19:45:00,60.1000,60.1647,60.0800,60.1600,1842
2025-05-09 19:30:00,60.1000,60.1000,60.0700,60.1000,717
2025-05-09 19:15:00,60.0700,60.1000,60.0700,60.1000,150
2025-05-09 18:45:00,59.8348,60.0000,59.8348,59.8396,382
2025-05-09 18:30:00,59.9500,59.9999,59.9500,59.9500,63590
2025-05-09 18:15:00,59.9960,59.9960,59.9960,59.9960,20
2025-05-09 18:00:00,60.0000,60.0000,59.8416,59.8416,501
2025-05-09 17:45:00,59.9300,60.0000,59.8400,60.0000,231
2025-05-09 17:30:00,60.0000,60.5000,59.8500,59.8500,1212
2025-05-09 17:15:00,59.9200,60.0400,59.8700,60.0400,3634
2025-05-09 17:00:00,59.8900,59.9699,59.8700,59.8700,2303
2025-05-09 16:45:00,60.0000,60.0000,59.9600,59.9600,187
2025-05-09 16:30:00,59.9400,60.0000,59.9400,59.9400,3694
2025-05-09 16:15:00,60.0200,60.0200,59.9100,59.9200,3482
2025-05-09 16:00:00,60.0050,60.0400,59.8900,59.9100,199704
2025-05-09 15:45:00,59.9000,60.0450,59.8000,60.0050,345837
2025-05-09 15:30:00,59.8800,60.1000,59.8400,59.8900,87121
2025-05-09 15:15:00,59.7250,59.9100,59.7250,59.8900,57007
2025-05-09 15:00:00,59.7800,59.8050,59.5900,59.7300,102118
2025-05-09 14:45:00,59.9550,59.9950,59.7900,59.7900,58700
2025-05-09 14:30:00,60.0500,60.0500,59.8400,59.9437,83728
2025-05-09 14:15:00,59.7900,60.0650,59.7300,60.0300,52423
2025-05-09 14:00:00,59.6900,59.8900,59.6800,59.7700,59248
2025-05-09 13:45:00,59.8200,59.9400,59.6800,59.6900,43397
2025-05-09 13:30:00,60.1850,60.3200,59.8400,59.8400,55726
2025-05-09 13:15:00,60.3050,60.4000,60.0400,60.1750,113889
2025-05-09 13:00:00,60.3200,60.4299,60.0937,60.3100,49172
2025-05-09 12:45:00,60.2300,60.3300,60.1400,60.3000,49982
2025-05-09 12:30:00,60.0750,60.2200,59.9700,60.2100,74060
2025-05-09 12:15:00,60.0000,60.1600,59.8800,60.0650,44510
2025-05-09 12:00:00,59.6900,60.2600,59.6825,60.0200,262068
2025-05-09 11:45:00,60.0000,60.0800,59.6900,59.6900,82173
2025-05-09 11:30:00,60.1300,60.3300,59.9500,60.0000,55038
2025-05-09 11:15:00,60.1600,60.3500,60.0200,60.1100,72961
2025-05-09 11:00:00,60.1400,60.2000,59.9000,60.1300,65354
2025-05-09 10:45:00,60.1150,60.3800,59.9550,60.1250,92503
2025-05-09 10:30:00,59.9800,60.6300,59.8062,60.1400,194056
2025-05-09 10:15:00,59.4450,60.2179,59.4200,59.9900,119731
2025-05-09 10:00:00,59.4700,59.5575,59.2800,59.5000,97081
2025-05-09 09:45:00,59.8400,59.8400,59.4350,59.5000,79649
2025-05-09 09:30:00,60.1700,60.1700,59.6500,59.8550,133736
2025-05-09 09:15:00,59.9500,60.2400,59.9500,60.2300,11171
2025-05-09 09:00:00,59.8900,60.0000,59.8100,59.9537,1945
2025-05-09 08:45:00,59.9700,59.9700,59.8900,59.9200,4306
2025-05-09 08:30:00,60.1500,60.2200,59.7800,59.8900,9988
2025-05-09 08:15:00,60.1400,60.2560,60.1000,60.2000,5139
2025-05-09 08:00:00,60.1700,60.5400,59.8900,60.1400,12784
2025-05-09 07:45:00,59.9000,60.1000,59.8500,60.1000,2761
2025-05-09 07:30:00,60.2400,60.4000,59.8800,59.8800,16388
2025-05-09 07:15:00,60.0100,60.7100,59.6900,60.1400,15898
2025-05-09 07:00:00,60.1300,60.1800,60.0000,60.0200,6468
2025-05-09 06:45:00,60.1400,60.1600,60.1100,60.1600,2076
2025-05-09 06:30:00,60.1500,60.1500,60.0900,60.1000,4100
2025-05-09 06:15:00,60.1700,60.2100,60.0900,60.2000,1198
2025-05-09 06:00:00,60.2000,60.2000,60.0900,60.1000,586
2025-05-09 05:45:00,60.2600,60.2800,60.2500,60.2500,326
2025-05-09 05:30:00,60.3500,60.3500,60.3200,60.3200,400
2025-05-09 05:15:00,60.3400,60.3400,60.2700,60.3300,317
2025-05-09 05:00:00,60.3600,60.3600,60.3600,60.3600,57
2025-05-09 04:45:00,60.5000,60.5200,60.4500,60.4500,798
2025-05-09 04:30:00,60.3700,60.4000,60.3700,60.4000,48
2025-05-09 04:15:00,60.3600,60.5600,60.3500,60.3500,123
2025-05-09 04:00:00,60.0000,60.6700,60.0000,60.3700,549
2025-05-08 20:00:00,60.4400,60.4400,60.4400,60.4400,14094
2025-05-08 19:45:00,60.7200,60.8000,60.7000,60.8000,110
2025-05-08 19:30:00,60.6493,60.8000,60.6200,60.7700,3429
2025-05-08 19:15:00,60.6499,60.6500,60.5900,60.6500,1022
2025-05-08 19:00:00,60.5200,60.6200,60.5200,60.5300,110
2025-05-08 18:45:00,60.6000,60.6000,60.5300,60.5300,50
2025-05-08 18:30:00,60.4400,60.6500,60.4400,60.6500,14194
2025-05-08 18:15:00,60.6300,60.6300,60.6300,60.6300,50
2025-05-08 18:00:00,60.8000,60.8000,60.5600,60.6500,1536
2025-05-08 17:45:00,60.8672,60.8672,60.6700,60.8100,3341
2025-05-08 17:30:00,60.7300,60.8633,60.7300,60.8633,226
2025-05-08 17:15:00,60.7900,60.8700,60.7300,60.8600,1390
2025-05-08 17:00:00,60.6700,60.8000,60.6612,60.7600,135
2025-05-08 16:45:00,60.6100,60.7300,60.5814,60.7300,2512
2025-05-08 16:30:00,60.6300,60.7000,60.5600,60.6300,582
2025-05-08 16:15:00,60.5014,60.7000,60.5000,60.6115,1857
2025-05-08 16:00:00,60.4400,60.5900,60.3200,60.5800,44545
2025-05-08 15:45:00,60.2550,60.8300,60.2337,60.4900,297657
2025-05-08 15:30:00,60.0300,60.2800,59.9800,60.2600,171726
2025-05-08 15:15:00,60.1900,60.2100,59.8500,60.0450,136996
2025-05-08 15:00:00,60.2700,60.3400,60.1500,60.1800,73887
2025-05-08 14:45:00,60.2000,60.3700,60.1700,60.2400,90721
2025-05-08 14:30:00,60.4300,60.4300,60.1300,60.1850,69233
2025-05-08 14:15:00,60.6400,60.6400,60.3417,60.4600,55417
2025-05-08 14:00:00,60.9900,61.0600,60.5800,60.6100,77463
2025-05-08 13:45:00,60.4900,61.0000,60.4900,60.9550,69163
2025-05-08 13:30:00,60.3900,60.7000,60.3600,60.5100,62277
2025-05-08 13:15:00,60.3000,60.5000,60.2550,60.4150,39120
2025-05-08 13:00:00,60.1862,60.3600,60.1700,60.3150,61159
2025-05-08 12:45:00,60.1100,60.2000,60.0500,60.1800,51942
2025-05-08 12:30:00,60.1584,60.1900,60.0100,60.1062,93766
2025-05-08 12:15:00,60.0800,60.3000,60.0600,60.1600,122440
2025-05-08 12:00:00,60.2200,60.3200,60.0500,60.0900,95438
2025-05-08 11:45:00,60.1000,60.3200,59.9850,60.2699,232247
2025-05-08 11:30:00,60.7304,60.8800,60.0500,60.1450,281739
2025-05-08 11:15:00,61.4800,61.4800,60.5500,60.8000,237958
2025-05-08 11:00:00,62.0800,62.1889,61.4400,61.5200,113598
2025-05-08 10:45:00,61.4550,62.2412,61.4000,61.9975,145493
2025-05-08 10:30:00,61.4600,61.6100,61.0100,61.4600,543506
2025-05-08 10:15:00,61.9300,62.0900,61.3000,61.4500,135938
2025-05-08 10:00:00,61.7200,62.1800,61.4300,61.9700,88991
2025-05-08 09:45:00,61.5200,61.9900,61.5000,61.7400,74987
2025-05-08 09:30:00,61.7800,61.9510,61.4000,61.5600,114297
2025-05-08 09:15:00,61.7800,61.8699,61.6300,61.6700,5558
2025-05-08 09:00:00,61.6200,61.7900,61.5400,61.7800,4396
2025-05-08 08:45:00,61.6500,61.7055,61.5000,61.7000,411
2025-05-08 08:30:00,61.2600,61.8700,61.1800,61.7740,20455
2025-05-08 08:15:00,61.3100,61.3500,61.2800,61.3500,663
2025-05-08 08:00:00,61.2000,62.3100,61.1400,61.3000,18793
2025-05-08 07:45:00,61.4400,61.4400,61.3800,61.3800,656
2025-05-08 07:30:00,61.3700,61.4400,61.3200,61.4300,2920
2025-05-08 07:15:00,61.3300,61.4000,61.2800,61.4000,3809
2025-05-08 07:00:00,61.2000,61.3000,61.1500,61.2100,8259
2025-05-08 06:45:00,61.1800,61.2000,61.1500,61.2000,751
2025-05-08 06:30:00,61.2400,61.2500,61.2100,61.2500,5872
2025-05-08 06:15:00,61.1600,61.1900,61.1500,61.1500,677
2025-05-08 06:00:00,61.1700,61.2700,61.1300,61.1500,2017
2025-05-08 05:45:00,61.2100,61.3000,61.2100,61.3000,193
2025-05-08 05:30:00,61.2800,61.3400,61.1900,61.1900,2758
2025-05-08 05:15:00,61.2600,61.2900,61.2600,61.2900,42
2025-05-08 05:00:00,61.3500,61.4000,61.3100,61.3100,516
2025-05-08 04:45:00,61.4200,61.4200,61.3000,61.3200,861
2025-05-08 04:30:00,61.4000,61.4800,61.4000,61.4200,198
2025-05-08 04:15:00,61.6400,61.6400,61.4200,61.4200,3553
2025-05-08 04:00:00,62.0000,62.0500,61.6000,61.6100,6436
